114.889706 4.024753586445e-09 5.492175735802e+04 8.166843625262e-15 9.594721000376e-07 9.999990405279e-01 3.687046513409e-02
229.779412 2.775171382528e-09 6.738620505997e+04 4.100789735739e-15 6.743450537107e-07 9.999993256549e-01 4.340844060937e-02
344.669118 2.235399130677e-09 5.202764663541e+04 2.484439361061e-15 5.303287309200e-07 9.999994696713e-01 3.851648682929e-02
459.558824 1.514865949249e-09 5.405329044645e+04 1.156645262173e-15 3.606287736661e-07 9.999996393712e-01 4.567085731655e-02
574.448529 3.777150960803e-09 5.964444905679e+04 7.349505314454e-15 9.073639973100e-07 9.999990926360e-01 1.301829548038e-01
689.338235 1.166270907866e-08 5.109850819987e+04 6.733981994316e-14 2.762765698553e-06 9.999972372342e-01 3.162427005423e-01
804.227941 1.756560610865e-08 4.599043268724e+04 1.488867930185e-13 4.123093488288e-06 9.999958769064e-01 2.163106001147e-01
919.117647 1.119631785827e-08 5.128236323881e+04 6.212371418899e-14 2.653289937819e-06 9.999973467100e-01 7.857105630968e-02
1034.007353 1.503568910457e-08 5.226017414285e+04 1.125814368824e-13 3.569364782500e-06 9.999964306351e-01 5.128594406970e-02
1148.897059 2.809373755380e-08 4.343122305670e+04 3.758289444822e-13 6.562955975485e-06 9.999934370436e-01 4.157158390710e-02
1263.786765 2.091069071828e-08 4.427727854245e+04 2.091696348273e-13 4.893108482935e-06 9.999951068913e-01 4.198518675241e-02
1378.676471 1.192784667461e-08 4.162386868524e+04 6.707897183789e-14 2.776685119252e-06 9.999972233148e-01 4.992751693077e-02
1493.566176 2.131367401255e-08 4.089109481413e+04 2.133783210880e-13 4.954572209643e-06 9.999950454276e-01 4.917201301298e-02
1608.455882 3.182096478942e-08 3.981684183597e+04 4.728327795267e-13 7.381171686152e-06 9.999926188278e-01 3.595471464595e-02
1723.345588 2.237776874141e-08 4.184580936439e+04 2.364983551880e-13 5.212434944205e-06 9.999947875648e-01 2.325062930828e-02
1838.235294 6.191168905211e-08 3.984689996226e+04 1.790753502445e-12 1.436414428954e-05 9.999856358539e-01 1.842717001119e-02
1953.125000 1.156100882464e-07 4.189407074746e+04 6.318041484728e-12 2.693951430794e-05 9.999730604794e-01 1.757733440165e-02
2068.014706 1.152468986011e-07 4.349577207940e+04 6.334862604618e-12 2.694399742329e-05 9.999730559962e-01 1.823535427547e-02
2182.904412 6.427573560464e-08 4.390380601556e+04 1.974322064988e-12 1.503775474164e-05 9.999849622433e-01 1.893977022684e-02
2297.794118 4.972835541608e-08 3.962013280623e+04 1.154157947361e-12 1.153423914433e-05 9.999884657597e-01 1.899417528573e-02
2412.683824 6.369639614283e-08 3.997892151616e+04 1.897660830752e-12 1.478593209592e-05 9.999852140660e-01 1.969511208944e-02
2527.573529 4.627405140645e-08 3.747842221165e+04 9.873111305796e-13 1.068530475598e-05 9.999893146943e-01 2.222628016521e-02
2642.463235 5.347696837329e-08 3.748238619824e+04 1.318777423550e-12 1.234946068215e-05 9.999876505380e-01 2.641742428495e-02
2757.352941 7.162149101002e-08 3.596485385866e+04 2.344786778487e-12 1.648583495011e-05 9.999835141627e-01 3.071101606463e-02
2872.242647 8.146591054489e-08 3.706653090794e+04 3.054048017015e-12 1.879893232786e-05 9.999812010646e-01 3.386299790655e-02
2987.132353 6.321387577423e-08 3.679175889825e+04 1.836091559789e-12 1.457930586814e-05 9.999854206923e-01 3.480796123077e-02
3102.022059 3.483564613591e-08 3.575798988509e+04 5.542166883467e-13 8.016447455023e-06 9.999919835520e-01 3.154758213747e-02
3216.911765 2.705213237444e-08 3.548547549888e+04 3.337243597729e-13 6.221948657742e-06 9.999937780510e-01 2.795789642940e-02
3331.801471 2.876300372150e-08 3.502260656021e+04 3.762585331892e-13 6.609094411029e-06 9.999933909052e-01 2.807091878548e-02
3446.691176 3.584182235817e-08 3.327674142829e+04 5.781629936977e-13 8.203338647489e-06 9.999917966608e-01 2.943042158026e-02
3561.580882 3.651832150029e-08 3.253255258929e+04 5.974820569106e-13 8.344221216446e-06 9.999916557782e-01 2.784907930188e-02
3676.470588 4.048724553059e-08 3.139916178187e+04 7.292527631776e-13 9.226726005994e-06 9.999907732733e-01 2.546329554332e-02
3791.360294 5.427552406471e-08 3.123416124803e+04 1.309455931968e-12 1.236511653383e-05 9.999876348822e-01 2.635327056961e-02
3906.250000 7.080560160907e-08 3.144353860780e+04 2.231954340530e-12 1.614078883343e-05 9.999838592089e-01 3.180411690744e-02
4021.139706 8.165753708694e-08 3.222595426803e+04 2.984018249974e-12 1.865166399106e-05 9.999813483330e-01 3.831396134512e-02
4136.029412 9.001222711267e-08 3.125320947613e+04 3.604116090257e-12 2.051369860605e-05 9.999794862978e-01 3.882479456641e-02
4250.919118 8.439983714577e-08 3.132292385571e+04 3.170786708045e-12 1.923994092841e-05 9.999807600559e-01 3.380771935603e-02
4365.808824 7.272783508281e-08 3.074293510912e+04 2.346057849926e-12 1.655730089490e-05 9.999834426968e-01 2.985601318742e-02
4480.698529 7.700727660564e-08 3.051899353740e+04 2.626977803702e-12 1.752372947707e-05 9.999824762679e-01 2.979642008318e-02
4595.588235 8.581420514504e-08 3.096595693779e+04 3.272437007375e-12 1.955159833267e-05 9.999804483984e-01 3.377449666687e-02
4710.477941 7.816554866013e-08 3.074958862102e+04 2.711891588849e-12 1.780148618892e-05 9.999821985111e-01 4.099730837465e-02
4825.367647 7.107400350822e-08 3.072964628503e+04 2.242337459898e-12 1.618752976384e-05 9.999838124680e-01 5.286593660817e-02
4940.257353 8.801600239020e-08 2.950741583411e+04 3.412098170038e-12 1.998720799378e-05 9.999800127886e-01 8.263820796543e-02
5055.147059 1.172122878863e-07 2.927582033520e+04 6.043397597442e-12 2.660472067933e-05 9.999733952733e-01 1.957524337462e-01
5170.036765 1.256537469534e-07 3.025637738232e+04 6.992306472596e-12 2.859513688005e-05 9.999714048561e-01 3.955156790531e-01
5284.926471 1.096546217312e-07 3.013399235082e+04 5.322110504030e-12 2.494990554610e-05 9.999750500891e-01 3.712254936484e-01
5399.816176 9.791181815087e-08 2.972285875354e+04 4.232838780610e-12 2.225788584348e-05 9.999777421099e-01 1.924200600440e-01
5514.705882 1.042317121417e-07 2.958788999812e+04 4.793922900569e-12 2.368963745007e-05 9.999763103578e-01 9.529359944705e-02
5629.595588 1.277208367486e-07 2.960626394107e+04 7.200926991394e-12 2.903351858584e-05 9.999709664742e-01 5.467889575994e-02
5744.485294 1.607419633817e-07 2.904377863173e+04 1.136623316764e-11 3.649247192696e-05 9.999635075167e-01 3.960859556259e-02
5859.375000 1.986476382022e-07 2.956921810051e+04 1.742537111875e-11 4.516516185418e-05 9.999548348207e-01 3.555946341094e-02
5974.264706 3.230758198668e-07 2.997312971268e+04 4.623098892979e-11 7.354133195651e-05 9.999264586218e-01 3.726692095514e-02
6089.154412 5.629371415920e-07 3.117039649652e+04 1.415289890046e-10 1.285484939973e-04 9.998714513645e-01 4.511822836777e-02
6204.044118 5.493516640766e-07 3.205527793114e+04 1.356048820524e-10 1.257476844590e-04 9.998742521799e-01 6.816841324335e-02
6318.933824 3.620174466491e-07 3.214808184911e+04 5.893796380872e-11 8.290046399415e-05 9.999170994771e-01 1.165238375130e-01
6433.823529 2.573655918661e-07 3.102253988286e+04 2.958022864898e-11 5.878355708232e-05 9.999412164133e-01 1.662000028076e-01
6548.713235 1.820246061993e-07 3.012112558689e+04 1.471375542766e-11 4.148899430098e-05 9.999585109910e-01 1.434058982283e-01
6663.602941 1.507048011810e-07 2.990274149369e+04 1.007460150067e-11 3.433700878661e-05 9.999656629811e-01 8.951805727027e-02
6778.492647 1.502319968787e-07 2.881650950555e+04 9.942543580425e-12 3.414044752467e-05 9.999658595425e-01 5.858452693121e-02
6893.382353 1.695657953910e-07 2.853037293521e+04 1.264617272069e-11 3.851205204924e-05 9.999614879353e-01 4.442281263249e-02
7008.272059 2.243356741308e-07 2.859557473076e+04 2.215309098227e-11 5.096914065271e-05 9.999490308372e-01 3.724623148928e-02
7123.161765 3.324980669834e-07 2.899401774003e+04 4.881507632651e-11 7.563503004932e-05 9.999243649211e-01 3.266440321379e-02
7238.051471 4.474826647221e-07 2.985200235307e+04 8.896229144263e-11 1.020355202203e-04 9.998979643908e-01 3.071082248635e-02
7352.941176 3.892042485395e-07 2.995760430991e+04 6.737625475549e-11 8.879457755575e-05 9.999112053551e-01 3.151127881890e-02
7467.830882 2.742732207897e-07 2.920412211648e+04 3.331114648315e-11 6.247787798955e-05 9.999375220887e-01 3.303585099694e-02
7582.720588 2.270022731786e-07 2.831269728355e+04 2.270001555347e-11 5.161865492253e-05 9.999483813224e-01 3.750096664355e-02
7697.610294 1.885044835689e-07 2.774600205565e+04 1.561298776606e-11 4.283916258989e-05 9.999571608218e-01 4.275893569226e-02
7812.500000 1.651448543772e-07 2.769141594671e+04 1.200226314527e-11 3.757850388948e-05 9.999624214841e-01 4.859222288930e-02
7927.389706 1.539005939591e-07 2.752789591964e+04 1.044199466749e-11 3.507980575867e-05 9.999649201838e-01 5.781707872168e-02
8042.279412 1.639500056573e-07 2.752237318186e+04 1.188919594339e-11 3.746304166855e-05 9.999625369464e-01 6.816460893679e-02
8157.169118 1.863184480494e-07 2.699430135824e+04 1.535777085710e-11 4.263886672022e-05 9.999573611179e-01 8.663561448002e-02
8272.058824 2.166019292768e-07 2.726776589577e+04 2.089214415500e-11 4.978279314864e-05 9.999502171860e-01 1.245604140916e-01
8386.948529 2.436976369780e-07 2.773592787265e+04 2.671119360514e-11 5.637574621842e-05 9.999436242271e-01 2.101105959387e-01
8501.838235 2.891422080295e-07 2.738824240995e+04 3.779687905920e-11 6.722574159909e-05 9.999327742206e-01 3.383862951124e-01
8616.727941 3.393048503489e-07 2.790806120337e+04 5.276640320076e-11 7.963544988899e-05 9.999203644973e-01 4.049465982823e-01
8731.617647 4.119992560580e-07 2.775916583316e+04 7.864911774583e-11 9.758758091873e-05 9.999024123404e-01 3.667560907319e-01
8846.507353 5.648984719776e-07 2.795395275474e+04 1.494351734870e-10 1.348820103591e-04 9.998651178402e-01 3.195196152735e-01
8961.397059 7.915772960029e-07 2.872091213542e+04 2.987877542656e-10 1.913828905445e-04 9.998086168107e-01 2.913076026361e-01
9076.286765 8.849276066906e-07 2.944286185042e+04 3.908144952937e-10 2.216447592597e-04 9.997783548499e-01 2.372364560075e-01
9191.176471 8.003103981140e-07 2.951887521248e+04 3.513893792119e-10 2.169041860182e-04 9.997830954626e-01 1.920904952387e-01
9306.066176 7.554322615892e-07 2.932452191154e+04 3.569738794508e-10 2.291622783497e-04 9.997708373647e-01 1.437290147780e-01
9420.955882 7.348167179759e-07 2.871038002358e+04 3.992926139707e-10 2.586205666623e-04 9.997413790340e-01 9.237252776240e-02
9535.845588 6.283821904866e-07 2.913093143210e+04 3.857548888418e-10 2.837237371690e-04 9.997162758771e-01 6.294382364043e-02
9650.735294 5.891997095245e-07 2.869498755143e+04 4.441669956288e-10 3.420511517736e-04 9.996579484041e-01 5.423814209082e-02
9765.625000 4.566272636536e-07 2.870003060091e+04 4.101632699900e-10 3.984709306819e-04 9.996015286592e-01 5.768257037606e-02
9880.514706 3.359543842227e-07 2.769896598256e+04 3.617106454670e-10 4.722115747368e-04 9.995277880636e-01 7.021846337694e-02
9995.404412 2.934711179207e-07 2.764580850834e+04 3.900332648397e-10 5.797060443456e-04 9.994202935656e-01 1.272437873494e-01
10110.294118 3.069825870823e-07 2.707123620664e+04 5.099271447283e-10 7.257342991924e-04 9.992742651909e-01 5.367334818604e-01
10225.183824 3.455031084433e-07 2.779067998729e+04 7.259699244067e-10 9.158558558309e-04 9.990841434182e-01 1.524959777709e+00
10340.073529 4.353505451916e-07 2.743210267906e+04 1.171815017782e-09 1.177422461742e-03 9.988225763664e-01 1.366272972758e+00
10454.963235 6.906839810370e-07 2.900067776888e+04 2.534419778498e-09 1.601860919591e-03 9.983981365460e-01 5.641527003826e-01
10569.852941 1.741473124895e-06 3.074508285101e+04 1.081231822671e-08 2.717152292705e-03 9.972828368950e-01 2.022658375388e-01
10684.742647 1.845020171034e-06 3.203586819667e+04 2.016303583611e-08 4.724438448154e-03 9.952755413888e-01 1.122869825155e-01
10799.632353 1.340367716740e-06 3.083473517726e+04 2.366349725331e-08 7.631462001519e-03 9.923685143350e-01 8.974591399035e-02
10914.522059 7.882226829921e-07 2.979095800494e+04 1.951043377361e-08 1.073617747301e-02 9.892638030166e-01 9.013610834006e-02
11029.411765 5.462717265752e-07 2.843457938424e+04 1.709561128162e-08 1.366836563081e-02 9.863316172736e-01 1.086492794573e-01
11144.301471 4.644254890964e-07 2.854773184846e+04 1.767869716599e-08 1.664847095909e-02 9.833515113622e-01 1.539254795282e-01
11259.191176 4.458482591236e-07 2.766628460938e+04 2.018694930314e-08 1.991604049821e-02 9.800839393148e-01 2.322219947225e-01
11374.080882 4.863633374692e-07 2.801023193665e+04 2.621156010610e-08 2.371971660619e-02 9.762802571822e-01 2.920770934820e-01
11488.970588 5.782698696372e-07 2.816693998336e+04 3.738076428713e-08 2.849214239129e-02 9.715078202279e-01 2.659088250676e-01
11603.860294 7.445916182191e-07 2.822618875589e+04 5.887487862941e-08 3.491966070483e-02 9.650802804203e-01 2.111920718057e-01
11718.750000 9.245261132579e-07 2.797837072262e+04 9.160745388331e-08 4.390954042012e-02 9.560903679724e-01 1.774746072207e-01
11833.639706 9.050469126342e-07 2.870434501278e+04 1.134096013851e-07 5.549988096131e-02 9.445000056291e-01 1.613100171981e-01
11948.529412 7.946725206249e-07 2.818309976685e+04 1.224692540028e-07 6.859006285632e-02 9.314098146744e-01 1.460192572575e-01
12063.419118 7.302487855135e-07 2.757601766562e+04 1.346205547038e-07 8.247603864730e-02 9.175238267321e-01 1.116265413583e-01
12178.308824 7.087408549279e-07 2.787804572263e+04 1.543327992172e-07 9.755490627266e-02 9.024449393945e-01 7.936758156340e-02
12293.198529 6.796336943063e-07 2.723424878679e+04 1.719048522278e-07 1.139333056989e-01 8.860665223962e-01 6.123991679643e-02
12408.088235 5.543489855649e-07 2.738813645576e+04 1.601451745679e-07 1.303871560617e-01 8.696126837931e-01 5.812429385723e-02
12522.977941 4.395087886479e-07 2.648308850782e+04 1.408791888987e-07 1.455806571542e-01 8.544192019666e-01 6.580194309082e-02
12637.867647 3.883981188191e-07 2.656628252218e+04 1.362939622065e-07 1.596611307637e-01 8.403387329423e-01 7.964111582252e-02
12752.757353 4.201269807892e-07 2.670994114081e+04 1.606456485027e-07 1.742199555051e-01 8.257798838492e-01 8.553947717680e-02
12867.647059 4.974069533643e-07 2.600471551985e+04 2.070836740531e-07 1.906585628945e-01 8.093412300218e-01 7.685586010926e-02
12982.536765 5.324577246063e-07 2.623781933432e+04 2.427944598677e-07 2.090827085884e-01 7.909170486171e-01 6.432742095246e-02
13097.426471 4.872800888894e-07 2.633988936464e+04 2.420610588749e-07 2.282072905871e-01 7.717924673518e-01 5.416201328884e-02
13212.316176 4.274466670101e-07 2.549467767260e+04 2.279510196236e-07 2.464136492887e-01 7.535861227603e-01 4.755335901793e-02
13327.205882 3.781187678126e-07 2.549940456953e+04 2.151254609423e-07 2.633902764728e-01 7.366095084018e-01 4.298272366774e-02
13442.095588 3.424163506179e-07 2.555322220943e+04 2.063698642095e-07 2.794470035580e-01 7.205527900721e-01 4.057606691996e-02
13556.985294 3.178183424711e-07 2.536077987375e+04 2.015607924681e-07 2.947823333865e-01 7.052174650527e-01 4.026349717996e-02
13671.875000 3.132005907955e-07 2.493717816486e+04 2.080364696769e-07 3.097837104190e-01 6.902160815445e-01 4.066779309817e-02
13786.764706 3.168767610972e-07 2.503404595156e+04 2.204277871794e-07 3.247587323072e-01 6.752410472650e-01 4.165788245332e-02
13901.654412 3.270999765658e-07 2.509751550866e+04 2.379367644954e-07 3.399651424916e-01 6.600346195717e-01 4.410496282629e-02
14016.544118 3.523926757259e-07 2.484741467396e+04 2.674717027247e-07 3.556179739506e-01 6.443817585777e-01 4.897828323525e-02
14131.433824 3.982019335322e-07 2.496414566023e+04 3.160294431092e-07 3.721627784190e-01 6.278369055516e-01 5.861434528477e-02
14246.323529 4.778842073062e-07 2.451557851959e+04 3.966866503253e-07 3.905786312348e-01 6.094209720786e-01 7.526220661834e-02
14361.213235 5.873287823679e-07 2.489374129463e+04 5.134135273901e-07 4.112965264040e-01 5.887029601825e-01 1.038873437035e-01
14476.102941 7.454414492143e-07 2.467218889930e+04 6.882222701065e-07 4.356087719669e-01 5.643905398108e-01 1.421923096252e-01
14590.992647 8.592229065138e-07 2.468360726208e+04 8.420991881492e-07 4.633697273047e-01 5.366294305961e-01 1.818307510116e-01
14705.882353 9.773006881902e-07 2.486647916712e+04 1.018743272522e-06 4.935667174668e-01 5.064322637899e-01 2.595995560227e-01
14820.772059 1.302968581526e-06 2.474505286075e+04 1.450513514488e-06 5.286388442262e-01 4.713597052603e-01 3.874977386009e-01
14935.661765 1.467460900779e-06 2.457061455981e+04 1.749446255832e-06 5.682056595611e-01 4.317925909927e-01 4.597083110796e-01
15050.551471 1.456838970204e-06 2.416127355710e+04 1.846363421439e-06 6.069347508407e-01 3.930634027959e-01 7.029519680291e-01
15165.441176 2.165977831568e-06 2.466728313581e+04 2.936887952534e-06 6.495616791959e-01 3.504353839162e-01 1.728790928353e+00
15280.330882 3.692132690913e-06 2.546349521973e+04 5.457589164143e-06 7.080290484016e-01 2.919654940092e-01 2.088116225434e+00
15395.220588 2.686400754836e-06 2.364595190024e+04 4.216326403987e-06 7.611899908669e-01 2.388057928067e-01 9.060756012638e-01
15510.110294 1.432551001006e-06 2.205151957820e+04 2.311380043654e-06 7.899683941497e-01 2.100292944702e-01 3.130654953160e-01
15625.000000 1.152947348252e-06 2.148253486588e+04 1.891716730199e-06 8.061215203919e-01 1.938765878914e-01 2.386516774654e-01
15739.889706 1.084324194038e-06 2.109472933887e+04 1.803309066747e-06 8.189676304647e-01 1.810305662263e-01 3.894328683126e-01
15854.779412 1.126975983519e-06 2.078754849771e+04 1.897247922331e-06 8.305117960311e-01 1.694863067210e-01 1.062933419057e+00
15969.669118 1.534473608401e-06 2.114330361097e+04 2.624845226564e-06 8.426960081547e-01 1.573013670001e-01 1.136980452713e+00
16084.558824 2.332489977638e-06 2.055128873221e+04 4.046764010676e-06 8.573967059747e-01 1.425992472613e-01 1.473601440309e+00
16199.448529 2.439378463886e-06 2.021031758620e+04 4.300379141896e-06 8.731103505532e-01 1.268853490677e-01 5.906593519724e+00
16314.338235 1.967107573011e-06 1.920810171575e+04 3.500148740304e-06 8.859253771897e-01 1.140711226615e-01 7.153261970427e+00
16429.227941 2.969392209434e-06 1.878775363627e+04 5.339789970691e-06 8.973475581508e-01 1.026471020592e-01 1.053511286140e+00
16544.117647 4.528052309291e-06 2.033421568993e+04 8.335236771301e-06 9.120033608721e-01 8.798830389112e-02 7.914676278232e-01
16659.007353 3.027596298623e-06 2.110867250406e+04 5.675056486415e-06 9.258024172020e-01 7.419190774148e-02 1.608540398014e+00
16773.897059 4.988315134212e-06 2.104295214533e+04 9.458470088538e-06 9.368773246800e-01 6.311321684989e-02 2.025443388979e+00
16888.786765 5.954797164416e-06 2.265420126472e+04 1.153202708036e-05 9.498239675197e-01 5.016450045321e-02 8.270567569153e-01
17003.676471 2.114016324419e-06 1.989760990367e+04 4.084826798700e-06 9.588768364279e-01 4.111907874529e-02 1.823085249631e-01
17118.566176 1.562673108169e-06 1.679159689980e+04 2.997103411697e-06 9.621578632720e-01 3.783913962461e-02 1.749416966902e-01
17233.455882 2.395492759024e-06 1.581322230619e+04 4.601705033358e-06 9.647791917450e-01 3.521620654994e-02 2.183546567758e-01
17348.345588 3.220323903469e-06 1.655481405684e+04 6.323015317354e-06 9.682037114961e-01 3.178996548859e-02 2.512184639511e-01
17463.235294 4.187195956822e-06 1.738772606679e+04 8.767409037721e-06 9.723029313610e-01 2.768830122993e-02 2.387939026329e-01
17578.125000 3.341411776096e-06 1.779492739204e+04 9.400673206546e-06 9.764469846340e-01 2.354361469281e-02 1.924244489173e-01
17693.014706 1.299885813554e-06 1.692633172927e+04 9.918791770292e-06 9.791403523208e-01 2.084972888744e-02 1.397056252201e-01
17807.904412 1.114110570146e-06 1.602394728823e+04 1.515742319568e-05 9.804002968168e-01 1.958454576000e-02 1.051655723489e-01
17922.794118 1.196961301602e-06 1.666846940244e+04 2.323102694445e-05 9.814948301180e-01 1.848193885506e-02 8.615249774064e-02
18037.683824 1.333367287191e-06 1.729183596268e+04 3.714622574470e-05 9.826203435386e-01 1.734251023561e-02 7.763528213698e-02
18152.573529 1.426235054609e-06 1.789880696663e+04 6.775125351634e-05 9.838166762392e-01 1.611557250730e-02 7.718399879719e-02
18267.463235 1.395211445956e-06 1.801151970009e+04 1.177450034215e-04 9.849485776156e-01 1.493367738095e-02 9.009966585602e-02
18382.352941 1.253920335673e-06 1.803550304664e+04 1.952886040611e-04 9.859474829399e-01 1.385722845607e-02 1.281473965435e-01
18497.242647 1.047539510663e-06 1.844687051536e+04 3.256114915527e-04 9.867789580553e-01 1.289543045314e-02 1.817146010646e-01
18612.132353 8.912587077837e-07 1.863177584869e+04 4.751877153168e-04 9.874043995454e-01 1.212041273928e-02 1.979871468954e-01
18727.022059 7.941843671941e-07 1.914140965689e+04 7.028536389173e-04 9.878757852571e-01 1.142136110403e-02 1.590164758152e-01
18841.911765 7.547956538466e-07 1.935177188773e+04 9.466952857458e-04 9.882300805236e-01 1.082322419067e-02 1.280985656035e-01
18956.801471 7.776334392673e-07 1.969187398603e+04 1.358346927448e-03 9.884203705019e-01 1.022128257067e-02 1.365906341676e-01
19071.691176 9.403110971628e-07 1.965580469080e+04 1.867092677900e-03 9.884980351000e-01 9.634872222110e-03 1.709502995896e-01
19186.580882 1.219547440704e-06 1.984889815660e+04 2.996706510692e-03 9.880786035376e-01 8.924689951668e-03 2.053630407465e-01
19301.470588 1.360527551246e-06 1.958524516501e+04 4.805999370403e-03 9.870358814094e-01 8.158119220202e-03 2.008204745651e-01
19416.360294 1.203293039695e-06 1.919513193407e+04 7.467585285857e-03 9.851126947804e-01 7.419719933742e-03 1.726907097745e-01
19531.250000 1.027810377532e-06 1.932608775267e+04 1.167520030473e-02 9.815627158572e-01 6.762083838119e-03 1.752973035644e-01
19646.139706 1.061298099448e-06 1.937031780296e+04 1.648287243342e-02 9.773080976272e-01 6.209029939398e-03 2.369230761685e-01
19761.029412 1.226445448064e-06 1.948544702695e+04 2.552970139090e-02 9.688613419370e-01 5.608956672131e-03 3.258676114940e-01
19875.919118 1.386478280877e-06 1.915889280664e+04 3.884014280334e-02 9.561621030180e-01 4.997754178623e-03 3.660753180300e-01
19990.808824 1.369597200596e-06 1.875204322920e+04 5.863485207954e-02 9.369771426983e-01 4.388005222139e-03 4.390112275530e-01
20105.698529 1.245529617455e-06 1.866360104664e+04 9.008253176420e-02 9.061094933785e-01 3.807974857267e-03 7.089643651915e-01
20220.588235 1.267644148260e-06 1.857116245104e+04 1.262253061287e-01 8.704608135852e-01 3.313880286059e-03 1.126767606407e+00
20335.477941 1.560375923111e-06 1.860751659037e+04 1.784688434785e-01 8.187215679570e-01 2.809588564503e-03 9.893252246762e-01
20450.367647 1.913864707039e-06 1.845334654600e+04 2.614921860079e-01 7.362532103242e-01 2.254603667851e-03 4.669213357361e-01
20565.257353 2.036650754844e-06 1.806385104619e+04 3.755134457299e-01 6.227718553488e-01 1.714698921245e-03 2.209101256009e-01
20680.147059 2.294191238879e-06 1.785178719537e+04 5.333948042493e-01 4.901394408160e-01 1.253344007998e-03 1.720807882554e-01
20795.036765 3.106835440294e-06 1.807977945240e+04 6.931792107877e-01 3.161272906582e-01 8.772500664918e-04 1.731346376915e-01
20909.926471 3.926288704643e-06 1.803943821053e+04 8.245048467979e-01 1.775420691747e-01 6.022069649885e-04 1.812261457587e-01
21024.816176 3.127960872804e-06 1.732292356911e+04 8.946986605407e-01 1.055204268098e-01 4.488305784150e-04 1.929173473625e-01
21139.705882 1.973776761326e-06 1.680647810197e+04 9.226803761299e-01 7.720680785157e-02 3.773454485968e-04 2.335282548263e-01
21254.595588 1.495049705776e-06 1.684174645341e+04 9.354881720096e-01 6.431878004474e-02 3.402770109981e-04 3.671402674047e-01
21369.485294 1.481047359096e-06 1.678674145493e+04 9.438685771953e-01 5.590792629971e-02 3.147444459823e-04 6.244569914014e-01
21484.375000 1.531018652190e-06 1.678399018706e+04 9.505077434306e-01 4.925668031760e-02 2.931181696250e-04 7.691369592357e-01
21599.264706 1.541584255945e-06 1.676869135190e+04 9.558584065950e-01 4.390427185683e-02 2.740833795313e-04 6.945372357550e-01
21714.154412 1.647576283536e-06 1.683751540064e+04 9.602604120105e-01 3.950579053109e-02 2.574387047495e-04 9.019262901529e-01
21829.044118 2.082768671483e-06 1.692312570666e+04 9.642571104008e-01 3.551498580337e-02 2.424668169040e-04 3.113105448078e+00
21943.933824 2.876102141160e-06 1.690923767363e+04 9.681740082750e-01 3.160624056573e-02 2.278097925225e-04 8.553312608648e+00
22058.823529 3.277810877185e-06 1.663077458370e+04 9.716160073665e-01 2.817631779364e-02 2.118325341943e-04 6.615783910655e+00
22173.713235 3.044655119538e-06 1.636372292107e+04 9.741399063265e-01 2.566637847290e-02 1.959954611821e-04 2.682227177474e+00
22288.602941 3.187919155695e-06 1.658668511915e+04 9.759921270972e-01 2.382581118426e-02 1.834227810024e-04 1.063496301495e+00
22403.492647 5.697636244370e-06 1.750776566357e+04 9.778803460991e-01 2.194435779630e-02 1.760320802587e-04 5.245637148778e-01
22518.382353 1.087130776873e-05 1.870409370450e+04 9.801432047446e-01 1.968790307762e-02 1.692133349038e-04 4.010357531991e-01
22633.272059 9.744359676881e-06 1.833509762299e+04 9.820069190744e-01 1.784907964070e-02 1.441742845944e-04 4.449921849790e-01
22748.161765 6.266903538484e-06 1.713453659018e+04 9.831281626044e-01 1.675115974827e-02 1.208092910767e-04 5.336900445621e-01
22863.051471 3.950073090412e-06 1.690397955724e+04 9.837964641362e-01 1.609712706737e-02 1.065242373653e-04 5.984535768695e-01
22977.941176 2.715684094706e-06 1.727581994595e+04 9.842578114408e-01 1.564443860623e-02 9.785624159953e-05 6.242799517389e-01
23092.830882 2.415727635487e-06 1.805072461927e+04 9.846370589870e-01 1.527039454303e-02 9.264584106191e-05 7.030857149784e-01
23207.720588 2.702910801772e-06 1.837921992226e+04 9.850056336286e-01 1.490540051068e-02 8.905875810171e-05 9.229768447858e-01
23322.610294 3.096438813128e-06 1.818701636302e+04 9.853875450821e-01 1.452691309232e-02 8.562835230881e-05 1.302556532296e+00
23437.500000 3.222235828440e-06 1.789162600670e+04 9.857710420190e-01 1.414739384728e-02 8.164473038372e-05 1.667477124171e+00
23552.389706 3.275524426633e-06 1.772361124822e+04 9.861424313709e-01 1.377992694138e-02 7.771690529554e-05 2.037523950312e+00
23667.279412 3.723342059057e-06 1.775759409482e+04 9.865145041187e-01 1.341088242100e-02 7.468344782667e-05 2.577879363225e+00
23782.169118 4.535030032092e-06 1.779955133382e+04 9.869112651061e-01 1.301662774405e-02 7.217172423030e-05 4.314679197549e+00
23897.058824 5.194724523260e-06 1.761887533065e+04 9.873329520844e-01 1.259797393706e-02 6.913315567653e-05 7.181043184363e+00
24011.948529 5.818069170302e-06 1.745406363558e+04 9.877670585121e-01 1.216704710497e-02 6.594833403862e-05 7.367705291402e+00
24126.838235 6.552712230601e-06 1.738395491680e+04 9.882116443788e-01 1.172548666933e-02 6.291783971659e-05 3.788335452140e+00
24241.727941 8.448794066582e-06 1.760191743397e+04 9.886957832208e-01 1.124269696380e-02 6.156325784855e-05 1.493735359826e+00
24356.617647 1.103048957177e-05 1.800082707732e+04 9.892542049879e-01 1.068528843513e-02 6.054409031953e-05 9.171613428093e-01
24471.507353 1.108120234407e-05 1.799916235241e+04 9.898270186431e-01 1.011773522060e-02 5.527863039350e-05 7.524699824293e-01
24586.397059 7.163700159518e-06 1.719457083283e+04 9.902748387637e-01 9.679775407518e-03 4.541550461723e-05 6.338834760527e-01
24701.286765 4.629212193322e-06 1.709667463928e+04 9.905729768355e-01 9.387743367548e-03 3.930771613034e-05 5.769736701461e-01
24816.176471 3.945091169054e-06 1.771447911207e+04 9.908050452389e-01 9.158416283766e-03 3.656487777561e-05 9.538217228736e-01
24931.066176 3.503401606958e-06 1.812881761141e+04 9.910129712248e-01 8.952633968722e-03 3.441987284697e-05 3.121327476686e+00
25045.955882 2.982770511779e-06 1.861048767581e+04 9.912002850552e-01 8.767358962315e-03 3.237991183180e-05 1.072745276844e+01
25160.845588 3.188401564075e-06 1.916271722597e+04 9.913787257492e-01 8.589899745711e-03 3.139727233591e-05 7.221650829683e+01
25275.735294 5.075966580740e-06 1.824960250854e+04 9.915830529423e-01 8.384616598793e-03 3.235167324903e-05 1.383231700382e+02
25390.625000 1.011720179917e-05 1.669935160871e+04 9.918673376883e-01 8.096255192633e-03 3.642588852495e-05 2.612055014583e+01
25505.514706 1.475116130661e-05 1.722678438868e+04 9.922534224103e-01 7.707727273533e-03 3.886625437418e-05 5.334730238397e+00
25620.404412 1.709009293218e-05 1.742035522069e+04 9.926931381451e-01 7.268877363509e-03 3.799786205367e-05 1.935627400619e+00
25735.294118 4.669888716670e-05 2.163176152230e+04 9.933934247231e-01 6.544767238012e-03 6.181467022283e-05 1.342960888729e+00
25850.183824 3.157548206005e-05 2.151327504443e+04 9.942372268272e-01 5.723235757306e-03 3.954295709147e-05 1.584962615686e+00
25965.073529 1.321315647146e-05 1.776058082245e+04 9.946866537894e-01 5.292479890559e-03 2.087225647545e-05 2.581628938559e+00
26079.963235 1.104471521102e-05 1.701620178601e+04 9.948847082738e-01 5.097261683439e-03 1.803559765344e-05 4.269609418641e+00
26194.852941 7.266842176992e-06 1.667166191050e+04 9.950341219763e-01 4.951498912715e-03 1.438455040085e-05 6.250152315060e+00
26309.742647 5.172717396614e-06 1.722114859213e+04 9.951449526773e-01 4.842713613849e-03 1.233900970593e-05 1.150400760511e+01
26424.632353 5.159599828781e-06 1.814375739277e+04 9.952427954674e-01 4.745317065911e-03 1.189252131955e-05 2.156806141413e+01
26539.522059 6.519631443140e-06 1.869097566562e+04 9.953464395780e-01 4.641206631764e-03 1.235849954506e-05 2.910545892593e+01
26654.411765 8.571758636566e-06 1.876001003909e+04 9.954651895639e-01 4.521648345326e-03 1.316638658280e-05 1.351283783360e+01
26769.301471 9.637815164910e-06 1.856573054277e+04 9.955948021712e-01 4.391978296765e-03 1.322346958179e-05 2.408567656101e+00
26884.191176 1.217992234655e-05 1.906799383979e+04 9.957347469131e-01 4.251146882472e-03 1.410968746292e-05 2.572906135419e+00
26999.080882 1.708002653027e-05 1.997649144954e+04 9.958996552657e-01 4.084189999889e-03 1.615760070785e-05 6.595611312206e+00
27113.970588 1.918781422146e-05 2.007191922673e+04 9.960893523116e-01 3.894377460200e-03 1.627263576902e-05 4.306467098956e+00
27228.860294 2.320267266575e-05 2.068755037219e+04 9.962826322901e-01 3.700080079902e-03 1.728950994216e-05 1.141633028373e+00
27343.750000 1.049762061855e-05 1.835569046240e+04 9.964551883119e-01 3.534968837598e-03 9.845086849327e-06 5.107601880906e-01
27458.639706 5.236972048554e-06 1.729073904090e+04 9.965354606711e-01 3.457605909485e-03 6.935765203957e-06 3.718370046792e-01
27573.529412 5.045362809936e-06 1.730572374806e+04 9.965948794278e-01 3.398487531727e-03 6.635303496078e-06 3.603920182556e-01
27688.419118 1.055595618038e-05 1.791009875008e+04 9.966686335314e-01 3.322449987228e-03 8.918405347482e-06 3.512697645287e-01
27803.308824 1.100685401095e-05 1.703756443718e+04 9.967565741499e-01 3.234688119657e-03 8.739515308754e-06 3.314652191786e-01
27918.198529 6.139085211132e-06 1.530036060902e+04 9.968267329303e-01 3.166938455430e-03 6.330493315106e-06 3.297448773900e-01
28033.088235 4.405585644231e-06 1.474771682576e+04 9.968768729561e-01 3.117703802710e-03 5.425117111069e-06 3.575286232611e-01
28147.977941 3.248162720574e-06 1.360052974485e+04 9.969187106993e-01 3.076478286485e-03 4.812876891097e-06 4.818680108664e-01
28262.867647 3.025891492884e-06 1.133494077217e+04 9.969556775028e-01 3.039717111173e-03 4.607209777980e-06 8.398557940482e-01
28377.757353 3.145985337971e-06 1.057095330543e+04 9.969907657782e-01 3.004685174915e-03 4.550822351064e-06 1.179511574893e+00
28492.647059 3.230179799811e-06 1.036921049262e+04 9.970252544983e-01 2.970263666493e-03 4.483564655775e-06 9.382771501440e-01
28607.536765 3.195094563450e-06 1.036297829539e+04 9.970591498752e-01 2.936477947504e-03 4.373865892598e-06 5.023174257564e-01
28722.426471 3.199519769340e-06 1.046517785453e+04 9.970924587857e-01 2.903260566330e-03 4.282295597212e-06 3.538086244674e-01
28837.316176 3.263367845712e-06 1.063085846839e+04 9.971254032743e-01 2.870384043883e-03 4.214287627229e-06 4.853944502823e-01
28952.205882 3.529787314290e-06 1.082217724429e+04 9.971584237411e-01 2.837359242535e-03 4.218574556720e-06 9.001045905706e-01
29067.095588 4.549980672240e-06 1.118075125940e+04 9.971930691344e-01 2.802451826188e-03 4.480526139060e-06 1.769485918856e+00
29181.985294 5.899726862271e-06 1.180947524888e+04 9.972310959276e-01 2.764069540090e-03 4.835934968090e-06 4.753088226235e+00
29296.875000 5.835791402334e-06 1.261328696345e+04 9.972708693165e-01 2.724435271767e-03 4.696770368114e-06 5.165760960002e+00
29411.764706 4.256627869250e-06 1.385063851861e+04 9.973080325007e-01 2.687900822557e-03 4.068037618811e-06 2.229037512903e+00
29526.654412 3.020576803265e-06 1.472128803061e+04 9.973407754424e-01 2.655647610686e-03 3.578305568169e-06 1.318555188289e+00
29641.544118 2.969800378847e-06 1.541058204525e+04 9.973713579792e-01 2.625156544740e-03 3.486802239094e-06 8.383160316509e-01
29756.433824 3.916171829747e-06 1.620860155172e+04 9.974033656419e-01 2.592927735474e-03 3.707888243252e-06 5.846776660995e-01
29871.323529 5.318311769323e-06 1.632174820611e+04 9.974390213076e-01 2.556931319905e-03 4.048562972356e-06 3.678251434274e-01
29986.213235 7.413502272406e-06 1.591458461220e+04 9.974795986080e-01 2.515836418545e-03 4.566067965705e-06 2.537679526962e-01
30101.102941 1.212707194723e-05 1.606399251659e+04 9.975299286045e-01 2.464272775381e-03 5.799545325332e-06 1.990621389510e-01
30215.992647 9.932740304774e-06 1.584134800924e+04 9.975821560610e-01 2.412862434108e-03 4.982435356270e-06 1.758904231165e-01
30330.882353 7.247319472745e-06 1.426057541735e+04 9.976246651579e-01 2.371252741540e-03 4.083056839698e-06 1.891743802612e-01
30445.772059 6.165441086287e-06 1.333823083533e+04 9.976597302375e-01 2.336589395742e-03 3.681316273779e-06 2.338071802657e-01
30560.661765 4.979389060029e-06 1.312833076178e+04 9.976907398973e-01 2.305981278023e-03 3.279772394997e-06 2.779651847832e-01
30675.551471 4.152404645943e-06 1.255329112720e+04 9.977185492846e-01 2.278460728794e-03 2.990927511302e-06 3.381839199989e-01
30790.441176 3.267485881726e-06 1.215780606832e+04 9.977436799047e-01 2.253618161945e-03 2.702870788795e-06 5.383540489738e-01
30905.330882 2.813218498373e-06 1.197710093378e+04 9.977668555336e-01 2.230609158683e-03 2.536234156068e-06 1.005106127157e+00
31020.220588 2.664699860420e-06 1.200866697929e+04 9.977890373167e-01 2.208511729921e-03 2.451863402327e-06 2.086159446479e+00
31135.110294 2.594372347083e-06 1.217328904163e+04 9.978107042175e-01 2.186907252726e-03 2.389422393496e-06 3.675272145968e+00
31250.000000 2.708301549033e-06 1.222010686813e+04 9.978321442150e-01 2.165484397134e-03 2.372259815078e-06 3.033380749233e+00
31364.889706 2.860050152719e-06 1.215494035924e+04 9.978535351120e-01 2.144102508327e-03 2.363230630353e-06 1.662418289922e+00
31479.779412 3.204621276552e-06 1.213534432142e+04 9.978750923269e-01 2.122510515611e-03 2.397983808679e-06 1.969786774375e+00
31594.669118 4.282210650534e-06 1.241113652363e+04 9.978977890951e-01 2.099615736841e-03 2.595955285707e-06 4.777820049702e+00
31709.558824 6.095195117084e-06 1.297485590403e+04 9.979231505089e-01 2.073903561449e-03 2.946662469579e-06 6.687962362614e+00
31824.448529 8.690011562690e-06 1.347321883691e+04 9.979526767522e-01 2.043878138807e-03 3.445771103139e-06 5.567157048640e+00
31939.338235 1.062578367819e-05 1.389767675998e+04 9.979862619480e-01 2.009967073633e-03 3.771580250587e-06 3.457260197865e+00
32054.227941 9.178284295921e-06 1.400610797334e+04 9.980195567317e-01 1.977074915435e-03 3.368955777446e-06 1.470832097779e+00
32169.117647 6.935608266271e-06 1.364660321554e+04 9.980484946773e-01 1.948681261583e-03 2.824681539575e-06 7.400757676730e-01
32284.007353 7.646628498244e-06 1.300835092738e+04 9.980751770928e-01 1.921924627523e-03 2.898869533346e-06 4.803057020832e-01
32398.897059 1.203718905935e-05 1.346035252052e+04 9.981057864380e-01 1.890524374067e-03 3.689684929615e-06 3.089268420332e-01
32513.786765 1.453866919696e-05 1.435182401133e+04 9.981420239938e-01 1.853906664409e-03 4.069774596797e-06 2.072970102057e-01
32628.676471 1.353937775521e-05 1.403472293038e+04 9.981786157825e-01 1.817624540131e-03 3.760103690312e-06 1.863395001889e-01
32743.566176 1.119430305612e-05 1.314640105638e+04 9.982107785084e-01 1.785999070131e-03 3.222864466173e-06 2.837709186239e-01
32858.455882 7.570993328113e-06 1.187666865661e+04 9.982367140561e-01 1.760793560560e-03 2.492864026613e-06 6.238298434784e-01
32973.345588 5.298805189635e-06 1.058477015741e+04 9.982573047806e-01 1.740655648074e-03 2.040071800824e-06 1.494763719704e+00
33088.235294 4.185131134801e-06 9.588645051983e+03 9.982749487657e-01 1.723242929171e-03 1.808810265191e-06 3.022602699067e+00
33203.125000 3.579148702407e-06 9.042940451713e+03 9.982910899484e-01 1.707236499902e-03 1.674054941189e-06 4.364449518782e+00
33318.014706 3.475985839075e-06 8.724906892525e+03 9.983065135702e-01 1.691859013986e-03 1.627910977631e-06 4.535255342389e+00
33432.904412 4.038212266934e-06 8.437090497540e+03 9.983218938665e-01 1.676415622773e-03 1.690989274704e-06 3.457396376872e+00
33547.794118 5.379944139480e-06 8.450063142126e+03 9.983379819101e-01 1.660142610253e-03 1.875931457473e-06 2.712280424537e+00
33662.683824 7.971225710101e-06 8.731641853106e+03 9.983558512642e-01 1.641899956880e-03 2.249187626282e-06 2.933706196693e+00
33777.573529 1.120018582358e-05 9.249853556127e+03 9.983765145816e-01 1.620781470577e-03 2.704304771507e-06 3.602457171233e+00
33892.463235 1.337208936673e-05 9.814265763426e+03 9.983998005137e-01 1.597223641231e-03 2.976162831233e-06 3.116493180735e+00
34007.352941 1.369945949818e-05 1.026682356062e+04 9.984241955980e-01 1.572846786708e-03 2.957916585596e-06 2.246749154959e+00
34122.242647 1.207457337731e-05 1.025276172822e+04 9.984475260497e-01 1.549822256366e-03 2.652002857830e-06 1.834018160433e+00
34237.132353 1.103771643214e-05 9.851735957141e+03 9.984689180144e-01 1.528639754236e-03 2.442541952951e-06 1.791087462607e+00
34352.022059 1.215505162145e-05 9.595119874264e+03 9.984897100192e-01 1.507746117610e-03 2.544151471493e-06 2.177884683615e+00
34466.911765 1.387610390566e-05 9.859213416059e+03 9.985113634359e-01 1.485911975040e-03 2.724848181049e-06 3.360350185426e+00
34581.801471 1.328277823011e-05 1.020778240132e+04 9.985332116176e-01 1.464203474960e-03 2.585162912522e-06 5.106910471599e+00
34696.691176 1.179266798949e-05 1.007151256370e+04 9.985537427363e-01 1.443927422277e-03 2.330103550418e-06 6.289440612792e+00
34811.580882 1.075370716147e-05 9.514186512583e+03 9.985725597740e-01 1.425297240295e-03 2.143250478486e-06 6.324980719728e+01
34926.470588 1.055658168265e-05 8.874603355307e+03 9.985901531663e-01 1.407775952888e-03 2.071140212516e-06 1.430444576732e+03
35041.360294 1.234991546280e-05 8.723045128097e+03 9.986078092880e-01 1.389939824215e-03 2.251122165090e-06 8.683682071344e+02
35156.250000 1.537369703816e-05 9.255473497233e+03 9.986270593655e-01 1.370366002649e-03 2.574828865222e-06 7.450684532720e+01
35271.139706 1.802668941641e-05 1.036636732721e+04 9.986486611481e-01 1.348498555190e-03 2.840459402667e-06 5.537178079987e+01
35386.029412 1.714470376654e-05 1.126443120634e+04 9.986711670640e-01 1.326159198933e-03 2.673899156093e-06 8.404343717614e+01
35500.919118 1.761225295793e-05 1.137927841765e+04 9.986934297751e-01 1.303908136204e-03 2.662238718642e-06 5.154305445586e+00
35615.808824 1.887340773832e-05 1.107148001660e+04 9.987157068013e-01 1.281558264755e-03 2.735065619504e-06 2.109702479223e+00
35730.698529 2.299621686954e-05 1.135523386688e+04 9.987394442612e-01 1.257437565975e-03 3.118261169856e-06 2.790718052065e+00
35845.588235 3.010300292967e-05 1.285826200268e+04 9.987676845216e-01 1.228513470273e-03 3.802026544880e-06 4.070376586920e+00
35960.477941 5.793681175908e-05 1.807544221774e+04 9.988112073854e-01 1.182178798711e-03 6.613581272783e-06 5.258095002524e+00
36075.367647 5.157634782947e-05 1.899945145447e+04 9.988638661241e-01 1.130533235335e-03 5.600463518097e-06 3.599111979723e+00
36190.257353 2.735084690306e-04 1.999431626713e+04 9.989267279007e-01 1.048681956247e-03 2.458824768556e-05 2.300310178623e+00
36305.147059 5.532392077196e-05 2.030761918625e+04 9.990944313985e-01 9.012313053854e-04 4.337128527953e-06 2.281260661520e+00
36420.036765 1.688318797800e-05 1.746160220048e+04 9.991400283623e-01 8.585448451999e-04 1.426828723074e-06 2.175764448672e+00
36534.926471 1.490078236186e-05 1.459147739637e+04 9.991529603858e-01 8.457878738556e-04 1.251785383577e-06 1.903218986292e+00
36649.816176 1.957460147412e-05 1.301904712800e+04 9.991649507853e-01 8.335298025461e-04 1.519434126591e-06 2.246459954928e+00
36764.705882 1.459135109060e-05 1.181847861860e+04 9.991760610324e-01 8.227702235584e-04 1.168787828928e-06 4.632924481045e+00
36879.595588 1.241617742657e-05 1.082670302779e+04 9.991854583502e-01 8.135323586750e-04 1.009343461543e-06 1.009703076073e+01
36994.485294 1.036504293010e-05 9.922747228939e+03 9.991938210246e-01 8.053138459086e-04 8.651895067502e-07 1.049114727364e+01
37109.375000 1.103094125809e-05 9.413507536485e+03 9.992017329602e-01 7.973784162476e-04 8.886795525253e-07 4.976205411806e+00
37224.264706 1.267821391543e-05 9.258241890874e+03 9.992097739935e-01 7.892569449491e-04 9.691093409944e-07 1.970153520685e+00
37339.154412 1.505180243161e-05 9.367190815576e+03 9.992182144231e-01 7.806971085001e-04 1.088505227719e-06 1.260914563384e+00
37454.044118 1.696743504735e-05 9.382639644717e+03 9.992270681894e-01 7.717549766390e-04 1.176861835814e-06 1.150986980770e+00
37568.933824 1.402276473344e-05 9.207863717084e+03 9.992355591020e-01 7.634483729814e-04 9.925635301939e-07 1.278842149846e+00
37683.823529 1.127819351785e-05 9.260854282750e+03 9.992432118048e-01 7.559614065830e-04 8.268365406094e-07 1.791579342117e+00
37798.713235 1.131457450511e-05 9.473879453447e+03 9.992504957270e-01 7.486880976411e-04 8.162220039559e-07 3.217314589331e+00
37913.602941 1.130832576084e-05 9.770639916052e+03 9.992577294528e-01 7.414669376359e-04 8.036549773409e-07 5.085144915120e+00
38028.492647 1.088373797534e-05 1.000919490775e+04 9.992648547271e-01 7.343759657110e-04 7.693530163462e-07 4.087649388339e+00
38143.382353 1.296412997206e-05 9.928806797146e+03 9.992721193747e-01 7.270167877619e-04 8.638747070017e-07 2.343102469076e+00
38258.272059 2.000101212563e-05 1.019321794714e+04 9.992804263912e-01 7.183675686274e-04 1.206050813495e-06 2.123623950714e+00
38373.161765 2.654883101396e-05 1.132478580570e+04 9.992904133271e-01 7.080732952595e-04 1.513363577392e-06 2.472231926404e+00
38488.051471 2.333687671023e-05 1.181465017720e+04 9.993007421916e-01 6.979307417860e-04 1.327063010968e-06 2.267503658678e+00
38602.941176 1.505578418882e-05 1.150435265308e+04 9.993094526928e-01 6.896450826170e-04 9.022489016592e-07 1.968957539126e+00
38717.830882 1.027437071250e-05 1.083579603743e+04 9.993164098412e-01 6.829309391237e-04 6.592592592137e-07 1.840623467285e+00
38832.720588 9.218854289358e-06 1.020772097615e+04 9.993225458973e-01 6.768552824750e-04 5.988625153905e-07 1.877680670352e+00
38947.610294 9.407114802815e-06 9.836378522533e+03 9.993284518463e-01 6.709502793346e-04 5.979151897840e-07 1.926145627824e+00
39062.500000 9.881326217317e-06 9.764090401230e+03 9.993343209949e-01 6.650686752808e-04 6.103683601518e-07 1.691899133253e+00
39177.389706 1.135238176939e-05 1.005962957439e+04 9.993403339586e-01 6.589986548284e-04 6.674195642497e-07 1.313601828012e+00
39292.279412 1.506861079286e-05 1.061579751860e+04 9.993468771971e-01 6.523011408078e-04 8.216826951041e-07 1.074569875292e+00
39407.169118 1.824091580416e-05 1.122279220142e+04 9.993541236381e-01 6.449292726498e-04 9.470992573664e-07 1.052712883185e+00
39522.058824 1.504438090703e-05 1.164929355508e+04 9.993612839175e-01 6.379205896329e-04 7.955117461150e-07 1.170056410361e+00
39636.948529 1.115815404366e-05 1.178211521648e+04 9.993676498769e-01 6.317310548197e-04 6.190979872467e-07 1.415278572939e+00
39751.838235 1.172607408337e-05 1.159717347001e+04 9.993736268978e-01 6.257402984392e-04 6.328311461861e-07 1.626721314333e+00
39866.727941 1.376247867413e-05 1.127952993010e+04 9.993797526747e-01 6.195418174220e-04 7.055287429873e-07 1.454088768394e+00
39981.617647 1.349074429824e-05 1.122764576392e+04 9.993859085431e-01 6.134081365994e-04 6.833413316107e-07 1.109782722777e+00
40096.507353 1.221689489833e-05 1.137535334723e+04 9.993918262306e-01 6.075513549311e-04 6.224383368330e-07 9.383984155399e-01
40211.397059 1.167853015210e-05 1.120007538365e+04 9.993974976354e-01 6.019108434940e-04 5.915458805707e-07 8.534331045227e-01
40326.286765 1.142002427707e-05 1.082578758172e+04 9.994029840958e-01 5.964438691641e-04 5.720599964789e-07 8.217238068599e-01
40441.176471 1.039618170434e-05 1.049991422862e+04 9.994082339219e-01 5.912418956724e-04 5.242095517437e-07 9.605820080434e-01
40556.066176 8.979328153605e-06 1.009078267498e+04 9.994131659201e-01 5.863710111266e-04 4.630989799544e-07 1.881382624569e+00
40670.955882 8.081655954439e-06 9.673373555595e+03 9.994178135212e-01 5.817634590423e-04 4.230517987331e-07 4.750532243426e+00
40785.845588 8.104853516783e-06 9.469910879384e+03 9.994223176254e-01 5.772644817361e-04 4.179243113537e-07 5.155206068794e+00
40900.735294 8.716934607913e-06 9.381434983535e+03 9.994268090609e-01 5.727568189879e-04 4.341494431153e-07 2.456197149521e+00
41015.625000 9.798197470296e-06 9.419938999500e+03 9.994313742336e-01 5.681591840303e-04 4.666085567341e-07 1.462239077450e+00
41130.514706 1.073866620261e-05 9.612591967269e+03 9.994360428051e-01 5.634638516696e-04 4.933665326373e-07 1.393746516272e+00
41245.404412 1.030673055128e-05 9.771692055559e+03 9.994406983668e-01 5.588297877598e-04 4.718693229857e-07 1.497792258516e+00
41360.294118 9.295478181308e-06 9.699796876488e+03 9.994451941767e-01 5.543750206892e-04 4.308284108363e-07 1.443287395935e+00
41475.183824 9.067345230236e-06 9.510660205900e+03 9.994495431133e-01 5.500398146313e-04 4.170979411670e-07 1.275451660221e+00
41590.073529 9.020098865358e-06 9.489591509099e+03 9.994538143692e-01 5.457757064062e-04 4.099498960247e-07 1.135948773213e+00
41704.963235 8.610150016046e-06 9.966717678972e+03 9.994580227362e-01 5.415855646683e-04 3.917250008739e-07 1.050027242999e+00
41819.852941 9.328866084271e-06 1.055236765202e+04 9.994622612234e-01 5.373281634429e-04 4.106368625086e-07 1.039127699809e+00
41934.742647 1.361069267762e-05 1.118199680581e+04 9.994668959984e-01 5.325604251343e-04 5.435900776820e-07 1.135888100615e+00
42049.632353 1.977607603914e-05 1.213344323451e+04 9.994723546634e-01 5.269122575337e-04 7.330784337684e-07 1.191726421471e+00
42164.522059 1.659579872294e-05 1.264436596470e+04 9.994779795963e-01 5.213977680677e-04 6.226415743083e-07 1.313280163853e+00
42279.411765 1.105459293538e-05 1.234621771150e+04 9.994828644165e-01 5.166943433350e-04 4.412577368817e-07 1.784991803288e+00
42394.301471 9.726769122351e-06 1.233836488226e+04 9.994871849633e-01 5.124205455674e-04 3.945110740734e-07 3.216654441271e+00
42509.191176 9.958080735851e-06 1.286995856655e+04 9.994914057091e-01 5.081975611291e-04 3.967487258771e-07 5.919903849662e+00
42624.080882 1.029609778687e-05 1.341225329622e+04 9.994956620080e-01 5.039359622384e-04 4.020475455745e-07 6.943983876565e+00
42738.970588 9.796846051897e-06 1.360919658546e+04 9.994998776020e-01 4.997404495159e-04 3.819668718489e-07 4.549531713330e+00
42853.860294 9.060345436397e-06 1.370608327426e+04 9.995039590942e-01 4.956855327207e-04 3.553925609655e-07 2.378416133587e+00
42968.750000 8.242512731879e-06 1.419769178442e+04 9.995078941803e-01 4.917782895278e-04 3.275508819900e-07 1.431164117954e+00
43083.639706 7.772061347834e-06 1.486184941169e+04 9.995117228417e-01 4.879668323330e-04 3.103471365151e-07 1.182825889132e+00
43198.529412 7.977690280881e-06 1.561596054839e+04 9.995155249387e-01 4.841623814980e-04 3.127000971906e-07 1.285481601890e+00
43313.419118 8.019746543150e-06 1.673694454613e+04 9.995193057603e-01 4.803835686671e-04 3.106907711550e-07 1.665335974982e+00
43428.308824 8.288153112580e-06 1.755779007812e+04 9.995230613046e-01 4.766240548826e-04 3.146593492931e-07 2.567610177255e+00
43543.198529 9.603209692013e-06 1.815712755026e+04 9.995268472530e-01 4.728056269409e-04 3.471359915169e-07 4.665463047662e+00
43658.088235 1.319993363097e-05 1.870163799170e+04 9.995307170314e-01 4.688421284636e-04 4.408488744769e-07 8.127553763514e+00
43772.977941 1.870264128965e-05 1.871786855585e+04 9.995354428462e-01 4.639754896878e-04 5.816622360803e-07 9.795572815873e+00
43887.867647 2.000168562922e-05 1.821098870223e+04 9.995414932704e-01 4.579024649921e-04 6.042602092969e-07 1.026202318469e+01
44002.757353 1.464476894803e-05 1.790146079256e+04 9.995470031919e-01 4.525420654507e-04 4.547477582508e-07 1.433807898662e+01
44117.647059 9.978404813382e-06 1.841298680350e+04 9.995511718093e-01 4.484986434392e-04 3.295602205902e-07 2.522391695458e+01
44232.536765 8.052128471785e-06 1.959948978922e+04 9.995541791350e-01 4.455431558544e-04 2.777252033052e-07 6.322050127367e+01
44347.426471 8.009306872274e-06 2.059269127728e+04 9.995562884781e-01 4.434369193534e-04 2.746183458434e-07 1.284569848708e+02
44462.316176 9.070437509075e-06 2.095741166462e+04 9.995586508954e-01 4.410505282063e-04 2.985901496154e-07 1.409078819809e+02
44577.205882 1.151344024037e-05 2.069987705619e+04 9.995623754406e-01 4.372698036181e-04 3.547651297950e-07 9.788076653012e+01
44692.095588 1.641982701898e-05 2.022671662441e+04 9.995668330925e-01 4.326987438215e-04 4.681645389122e-07 2.783517941732e+01
44806.985294 2.297466686430e-05 1.974231680086e+04 9.995722407276e-01 4.271436724097e-04 6.155898744945e-07 1.480343545503e+01
44921.875000 2.470892616639e-05 1.955491871222e+04 9.995782142545e-01 4.211416921536e-04 6.440403481761e-07 9.671009798049e+00
45036.764706 2.523306393263e-05 1.993096155039e+04 9.995825075919e-01 4.168452012238e-04 6.471930613918e-07 1.632718898846e+01
45151.654412 3.246190177647e-05 2.061959014616e+04 9.995827416814e-01 4.164460547682e-04 8.122385242903e-07 1.649736484689e+01
45266.544118 5.166731523606e-05 2.064265996364e+04 9.995840079103e-01 4.147464266665e-04 1.245607549497e-06 8.369494652751e+00
45381.433824 7.876248597747e-05 2.052066695879e+04 9.995881096900e-01 4.100555819374e-04 1.834630880593e-06 3.898337061515e+00
45496.323529 8.175363486252e-05 1.998158265271e+04 9.996080429354e-01 3.901679058854e-04 1.789061923654e-06 2.608561042726e+00
45611.213235 8.359106015674e-05 1.993966694120e+04 9.996199736004e-01 3.782689051377e-04 1.757398606135e-06 2.113203329291e+00
45726.102941 4.237628726426e-05 1.899938442249e+04 9.996412190525e-01 3.579250760476e-04 8.558356369479e-07 1.901245341141e+00
45840.992647 3.229727608501e-05 1.915326960600e+04 9.996473547797e-01 3.519958482738e-04 6.493496141721e-07 2.000649248699e+00
45955.882353 2.343476047013e-05 1.980163530303e+04 9.996511516460e-01 3.483710782286e-04 4.772645655630e-07 2.074989605269e+00
46070.772059 1.952150485463e-05 2.064736177063e+04 9.996526620055e-01 3.469354138328e-04 4.025742606768e-07 1.564352230359e+00
46185.661765 3.130575831976e-05 2.041210358234e+04 9.996548156143e-01 3.445724262576e-04 6.119386347266e-07 8.037866528357e-01
46300.551471 3.122057718208e-05 1.930213736176e+04 9.996647032035e-01 3.347096308085e-04 5.871454901170e-07 4.088596128510e-01
46415.441176 2.037346158859e-05 1.948111563706e+04 9.996696065077e-01 3.300035044404e-04 3.899803825838e-07 3.737560175323e-01
46530.330882 1.299106097673e-05 2.033024495691e+04 9.996720980234e-01 3.276413522277e-04 2.606251869098e-07 5.334479059960e-01
46645.220588 1.143509191321e-05 2.100125646475e+04 9.996733795740e-01 3.263878317468e-04 2.325967512334e-07 8.178257574582e-01
46760.110294 1.022686978860e-05 2.114022510849e+04 9.996760700375e-01 3.237205553580e-04 2.094108774176e-07 1.095347923840e+00
46875.000000 9.741936576438e-06 2.082689556520e+04 9.996797185509e-01 3.200836196774e-04 1.978336134271e-07 1.159781017048e+00
46989.889706 1.022515934648e-05 1.980551679748e+04 9.996840419584e-01 3.157566600099e-04 2.013851042830e-07 1.116702574204e+00
47104.779412 1.075826888787e-05 1.910344650792e+04 9.996871946244e-01 3.125989531792e-04 2.064252673414e-07 1.126352751745e+00
47219.669118 9.299871320543e-06 1.897894479372e+04 9.996897731744e-01 3.100459876329e-04 1.808422149098e-07 1.255277370610e+00
47334.558824 6.221867370741e-06 1.909996896390e+04 9.996921061440e-01 3.077627940144e-04 1.310692883160e-07 1.590066883683e+00
47449.448529 3.962141567071e-06 1.982964140863e+04 9.996939129405e-01 3.059918513276e-04 9.521767550002e-08 2.261460670109e+00
47564.338235 3.871478124456e-06 2.137483115960e+04 9.996943377045e-01 3.055687611021e-04 9.354389165782e-08 3.070822620479e+00
47679.227941 5.133601277619e-06 2.244236936021e+04 9.996927676197e-01 3.071190948038e-04 1.132938225653e-07 3.206399044736e+00
47794.117647 6.823002452651e-06 2.185940483822e+04 9.996952503304e-01 3.046123378089e-04 1.373382119113e-07 2.470169158083e+00
47909.007353 8.123463720305e-06 2.082767931089e+04 9.996994193792e-01 3.004269185725e-04 1.537072681259e-07 1.756517034527e+00
48023.897059 8.212822915422e-06 2.022866346321e+04 9.997025363513e-01 2.973112346134e-04 1.524188946038e-07 1.539027293884e+00
48138.786765 8.026458407835e-06 2.032610291858e+04 9.997045008271e-01 2.953511515846e-04 1.480261846379e-07 1.781344197737e+00
48253.676471 8.297845218074e-06 2.077132290568e+04 9.997056982656e-01 2.941509433877e-04 1.507955751293e-07 2.042356487680e+00
48368.566176 9.181216961996e-06 2.095241070647e+04 9.997070596526e-01 2.927782831650e-04 1.620678575050e-07 2.194254910582e+00
48483.455882 1.112415840424e-05 2.088459995704e+04 9.997087073303e-01 2.911048822265e-04 1.877892808201e-07 2.384592644124e+00
48598.345588 1.356556364793e-05 2.063854097531e+04 9.997109614446e-01 2.888192084964e-04 2.193463686644e-07 2.358902083778e+00
48713.235294 1.418691655402e-05 2.022447510337e+04 9.997143189597e-01 2.854570501088e-04 2.239890599432e-07 2.422703023930e+00
48828.125000 1.223249891650e-05 2.003737116097e+04 9.997174090061e-01 2.823969520321e-04 1.940424001878e-07 2.760406274848e+00
48943.014706 1.002569517321e-05 2.042547918968e+04 9.997192883834e-01 2.805489714200e-04 1.626476762233e-07 2.764802856068e+00
49057.904412 9.386323461692e-06 2.108357551786e+04 9.997199943330e-01 2.798523346696e-04 1.533353336698e-07 2.615575689272e+00
49172.794118 1.050522608203e-05 2.135637525637e+04 9.997206654516e-01 2.791673062563e-04 1.672440906916e-07 3.564275906987e+00
49287.683824 1.128058872482e-05 2.092851775265e+04 9.997238136642e-01 2.760118826328e-04 1.744544462663e-07 7.556000581044e+00
49402.573529 1.148617699733e-05 2.069627485309e+04 9.997264646675e-01 2.733608304160e-04 1.745030659302e-07 1.494833371642e+01
49517.463235 1.192041317318e-05 2.103613772183e+04 9.997273939440e-01 2.724271640629e-04 1.788925026683e-07 1.679566593012e+01
49632.352941 1.140768640765e-05 2.156941593007e+04 9.997276650856e-01 2.721631573713e-04 1.717580811032e-07 8.692210727970e+00
49747.242647 1.204479741738e-05 2.204904222146e+04 9.997268350655e-01 2.729849253733e-04 1.800096647046e-07 3.720093809684e+00
49862.132353 1.331754880971e-05 2.236153065336e+04 9.997257135734e-01 2.740899261354e-04 1.964999177561e-07 2.084402996240e+00
49977.022059 1.268357641458e-05 2.284673672701e+04 9.997242792297e-01 2.755317815911e-04 1.889888193476e-07 1.406655196790e+00
50091.911765 1.290476121322e-05 2.324270842114e+04 9.997217842226e-01 2.780226207145e-04 1.931566231756e-07 1.101693918273e+00
50206.801471 1.805462454686e-05 2.292796719272e+04 9.997208437859e-01 2.788968306886e-04 2.593791718310e-07 1.065065330788e+00
50321.691176 3.039633230732e-05 2.186224473088e+04 9.997271271535e-01 2.724672754214e-04 4.055568262892e-07 1.209519317659e+00
50436.580882 3.463754404640e-05 2.099855099167e+04 9.997379366073e-01 2.616272496708e-04 4.361257657133e-07 1.677260531189e+00
50551.470588 2.352592367377e-05 2.121003934204e+04 9.997435257688e-01 2.561780431092e-04 2.961795673183e-07 2.457114333512e+00
50666.360294 1.456441717705e-05 2.220996930953e+04 9.997436984714e-01 2.561095228414e-04 1.920039697522e-07 2.470229479969e+00
50781.250000 1.087196777948e-05 2.276892306917e+04 9.997448988850e-01 2.549530207440e-04 1.480952262344e-07 1.506671987776e+00
50896.139706 8.682523497868e-06 2.315538600250e+04 9.997465349031e-01 2.533434229065e-04 1.216765302797e-07 8.710973363248e-01
51011.029412 7.784141253950e-06 2.334550142644e+04 9.997481371656e-01 2.517525522443e-04 1.102852714748e-07 5.754126509229e-01
51125.919118 8.049205152675e-06 2.334600516396e+04 9.997493011939e-01 2.505865027486e-04 1.123062444331e-07 4.237850445763e-01
51240.808824 9.279880994385e-06 2.310666302201e+04 9.997509192801e-01 2.489560062953e-04 1.247155967954e-07 3.598556875816e-01
51355.698529 1.209174805432e-05 2.252887099200e+04 9.997537560727e-01 2.460906978421e-04 1.532293785074e-07 3.525994392971e-01
51470.588235 1.257002751844e-05 2.210599841152e+04 9.997580123010e-01 2.418329663865e-04 1.547321404884e-07 3.791119036333e-01
51585.477941 9.195544906196e-06 2.268331305741e+04 9.997591757355e-01 2.407063608132e-04 1.179054732757e-07 4.459488434744e-01
51700.367647 6.548822796167e-06 2.383395659795e+04 9.997566909014e-01 2.432183450644e-04 9.075717152193e-08 5.743683858693e-01
51815.257353 4.926972297874e-06 2.484625782565e+04 9.997539432855e-01 2.459825805781e-04 7.413886046879e-08 7.691645843990e-01
51930.147059 3.805985244338e-06 2.581029347846e+04 9.997507551993e-01 2.491820625419e-04 6.274398221921e-08 1.032432349154e+00
52045.036765 3.313348895866e-06 2.649487806590e+04 9.997475453389e-01 2.523967117975e-04 5.795559124175e-08 1.531751341019e+00
52159.926471 3.404426666272e-06 2.670363163751e+04 9.997453321537e-01 2.546085233876e-04 5.932924952177e-08 2.932307872164e+00
52274.816176 3.856385725997e-06 2.654633775519e+04 9.997449862298e-01 2.549495546669e-04 6.422154466877e-08 5.417168100548e+00
52389.705882 4.782665178404e-06 2.615411504593e+04 9.997452501239e-01 2.546757306584e-04 7.415085159808e-08 5.791871447076e+00
52504.595588 6.044222750988e-06 2.559475558514e+04 9.997477524776e-01 2.521606910084e-04 8.683578736716e-08 3.653297180599e+00
52619.485294 7.387828160440e-06 2.514167709223e+04 9.997499896421e-01 2.499102437220e-04 1.001175392514e-07 1.987253093411e+00
52734.375000 9.404143513462e-06 2.472580663509e+04 9.997506770817e-01 2.492019393691e-04 1.209809053100e-07 1.404940290927e+00
52849.264706 1.426080174849e-05 2.390251706254e+04 9.997532735033e-01 2.465563641191e-04 1.701312904866e-07 1.121792013657e+00
52964.154412 2.033374940935e-05 2.293873666330e+04 9.997608522258e-01 2.389227534543e-04 2.250153796626e-07 1.002236154541e+00
53079.044118 1.863751799378e-05 2.303139962325e+04 9.997636012469e-01 2.361941655820e-04 2.045832443714e-07 1.171259593743e+00
53193.933824 1.218135888021e-05 2.442552866823e+04 9.997548829154e-01 2.449713329222e-04 1.457517953710e-07 1.674636132459e+00
53308.823529 9.206177771703e-06 2.577831293600e+04 9.997391981661e-01 2.606791681412e-04 1.226683781455e-07 2.364553697866e+00
53423.713235 8.003077317145e-06 2.637115878209e+04 9.997329919411e-01 2.668962625017e-04 1.118000893180e-07 2.831810271792e+00
53538.602941 6.875073798539e-06 2.701903724470e+04 9.997255451829e-01 2.743531578532e-04 1.016639967401e-07 3.081979847517e+00
53653.492647 6.953258000939e-06 2.737091205937e+04 9.997149046009e-01 2.849889260761e-04 1.064782210886e-07 3.125104412753e+00
53768.382353 8.570395765097e-06 2.696745161596e+04 9.997138944667e-01 2.859795533424e-04 1.259840567153e-07 2.741696687746e+00
53883.272059 1.072979796913e-05 2.630407065736e+04 9.997216239069e-01 2.782290210557e-04 1.470742875160e-07 2.378411920722e+00
53998.161765 1.193063884253e-05 2.589261357450e+04 9.997297348241e-01 2.701097670303e-04 1.554099675001e-07 2.866860060139e+00
54113.051471 1.259553558952e-05 2.584154650210e+04 9.997293740296e-01 2.704634196703e-04 1.625513911954e-07 5.271685581417e+00
54227.941176 1.355931685649e-05 2.583320147168e+04 9.997260545806e-01 2.737704284464e-04 1.749911129990e-07 8.699628016511e+00
54342.830882 1.303306443207e-05 2.637860551627e+04 9.997094420000e-01 2.903785602092e-04 1.794409094122e-07 7.963093574551e+00
54457.720588 1.130375045233e-05 2.741199688065e+04 9.996760366784e-01 3.237858233381e-04 1.775020202498e-07 4.563883190030e+00
54572.610294 1.123912050802e-05 2.787784069845e+04 9.996507871712e-01 3.490223078925e-04 1.905259110650e-07 2.593979537472e+00
54687.500000 1.462562102774e-05 2.724004772393e+04 9.996541902006e-01 3.455733482640e-04 2.364531816957e-07 1.593976215860e+00
54802.389706 2.197588949409e-05 2.615398117903e+04 9.996689613420e-01 3.307135847713e-04 3.250687695923e-07 1.566122919703e+00
54917.279412 2.289968670059e-05 2.652235062927e+04 9.996382457522e-01 3.613847175360e-04 3.695258779827e-07 2.138756242245e+00
55032.169118 1.595892515254e-05 2.829511437466e+04 9.995546756840e-01 4.449947852637e-04 3.295365612047e-07 2.514620581053e+00
55147.058824 1.269486043063e-05 2.919589868908e+04 9.995225319439e-01 4.771800238205e-04 2.880437571730e-07 2.190124939604e+00
55261.948529 9.596729100714e-06 3.011342950283e+04 9.995066109017e-01 4.931558512524e-04 2.332633120379e-07 1.643435977009e+00
55376.838235 7.437330551676e-06 3.084848941334e+04 9.995078120660e-01 4.920004010814e-04 1.875515161936e-07 1.506443118944e+00
55491.727941 8.213616561192e-06 3.035700636535e+04 9.995320181440e-01 4.677897589621e-04 1.921127872264e-07 1.876189106177e+00
55606.617647 1.075089947303e-05 2.931350694310e+04 9.995653316299e-01 4.344462973262e-04 2.220834479585e-07 2.219281132348e+00
55721.507353 1.185549277780e-05 2.900405997591e+04 9.995729854899e-01 4.267783779384e-04 2.361412720242e-07 2.199905705540e+00
55836.397059 1.026542964953e-05 2.960722742112e+04 9.995532941403e-01 4.464881872332e-04 2.176845137928e-07 2.060641302311e+00
55951.286765 8.085852475944e-06 3.042790410853e+04 9.995391341044e-01 4.606826170915e-04 1.832938908609e-07 1.760656988840e+00
56066.176471 7.935732234032e-06 3.039748141205e+04 9.995496707207e-01 4.501538646710e-04 1.754293228479e-07 1.368993617284e+00
56181.066176 9.797960544876e-06 2.961192369191e+04 9.995715837595e-01 4.282184639845e-04 1.977877956026e-07 1.144554434877e+00
56295.955882 1.059577972603e-05 2.938612530163e+04 9.995754224189e-01 4.243689994817e-04 2.085919020510e-07 1.284455457911e+00
56410.845588 1.010403144403e-05 2.960467520719e+04 9.995687757857e-01 4.310215079298e-04 2.027176713501e-07 2.036073274224e+00
56525.735294 1.008853105916e-05 2.957883778618e+04 9.995739182324e-01 4.258827408594e-04 1.990376569434e-07 3.338204286663e+00
56640.625000 9.014791569312e-06 2.993472647557e+04 9.995712212055e-01 4.285974271637e-04 1.813795099166e-07 3.727799225546e+00
56755.514706 7.223321811399e-06 3.066582890087e+04 9.995631042560e-01 4.367423974793e-04 1.533609892266e-07 2.676009924969e+00
56870.404412 6.287074376644e-06 3.106089659591e+04 9.995659844858e-01 4.338798093294e-04 1.357200131012e-07 2.086320204926e+00
56985.294118 7.252908445783e-06 3.042584049478e+04 9.995878278723e-01 4.120285895987e-04 1.435507343071e-07 1.908268994627e+00
57100.183824 1.085955313563e-05 2.857134124253e+04 9.996519038684e-01 3.479282703519e-04 1.678669841778e-07 1.863095845997e+00
57215.073529 1.544522547341e-05 2.534649523694e+04 9.997733974037e-01 2.264582097037e-04 1.443852576843e-07 2.236195123375e+00
57329.963235 1.576453282585e-05 2.135749841016e+04 9.998292173250e-01 1.706756777630e-04 1.069950886523e-07 3.392704984229e+00
57444.852941 1.210572441437e-05 2.178454357117e+04 9.998301545339e-01 1.697616581715e-04 8.380720528902e-08 5.112032569763e+00
57559.742647 1.142816314142e-05 2.114819780853e+04 9.998335039640e-01 1.664184971530e-04 7.753832051260e-08 6.439608982105e+00
57674.632353 1.117949473071e-05 2.043276456434e+04 9.998360058375e-01 1.639197976730e-04 7.436441576883e-08 6.724888830489e+00
57789.522059 1.143070426532e-05 2.016450155931e+04 9.998373131925e-01 1.626119787181e-04 7.482825321571e-08 6.238416785395e+00
57904.411765 1.468382425091e-05 1.998285534059e+04 9.998381070023e-01 1.618004886467e-04 9.250736125106e-08 7.341465073197e+00
58019.301471 1.914232149150e-05 2.018498309351e+04 9.998381768916e-01 1.617057714952e-04 1.173336632759e-07 8.463992439201e+00
58134.191176 2.161072004679e-05 2.106547165282e+04 9.998359194972e-01 1.639473412646e-04 1.331573800280e-07 6.975114554682e+00
58249.080882 2.216148975999e-05 2.211538687591e+04 9.998302128433e-01 1.696457032853e-04 1.414489519096e-07 6.092602043797e+00
58363.970588 1.960161827930e-05 2.310717870569e+04 9.998229824907e-01 1.768854897073e-04 1.320161251537e-07 5.846622811474e+00
58478.860294 2.028098895856e-05 2.237252157230e+04 9.998315994948e-01 1.682720245679e-04 1.284769773623e-07 6.248893350914e+00
58593.750000 2.414019535071e-05 1.928532670125e+04 9.998452526367e-01 1.546111976121e-04 1.361608801737e-07 5.678825740824e+00
58708.639706 2.489620585582e-05 1.714274878541e+04 9.998479385630e-01 1.519254624372e-04 1.359696850023e-07 4.206422572760e+00
58823.529412 2.224224937553e-05 2.052566561598e+04 9.998449737788e-01 1.549004925187e-04 1.257245542921e-07 3.209822157248e+00
58938.419118 2.079508897289e-05 2.175652937829e+04 9.998408103409e-01 1.590682745171e-04 1.213809151536e-07 2.895534797815e+00
59053.308824 2.047532124145e-05 2.187151201420e+04 9.998413527321e-01 1.585286013226e-04 1.186630357730e-07 2.891229287847e+00
59168.198529 2.201263715572e-05 2.178592471731e+04 9.998423445410e-01 1.575300493807e-04 1.254056066942e-07 3.002772779800e+00
59283.088235 1.940640410106e-05 2.213052749675e+04 9.998423916205e-01 1.574972756367e-04 1.111007652070e-07 3.154708019772e+00
59397.977941 1.487597809727e-05 2.273397239095e+04 9.998420680389e-01 1.578449084932e-04 8.705101922727e-08 3.255195988566e+00
59512.867647 1.286177688361e-05 2.318687180962e+04 9.998413346891e-01 1.585888324484e-04 7.647758983629e-08 3.249663785152e+00
59627.757353 1.227522591238e-05 2.362570577204e+04 9.998389992658e-01 1.609264925964e-04 7.424090909576e-08 3.371636735199e+00
59742.647059 1.228634062589e-05 2.392414579924e+04 9.998367472753e-01 1.631776270220e-04 7.509702414687e-08 3.879427671661e+00
59857.536765 1.253692646086e-05 2.382185354358e+04 9.998384443792e-01 1.614804107776e-04 7.520936202495e-08 4.609434075474e+00
59972.426471 1.262318853043e-05 2.341716776284e+04 9.998433129477e-01 1.566142409373e-04 7.281062907986e-08 5.447972875541e+00
60087.316176 1.203901176364e-05 2.311278564338e+04 9.998473604250e-01 1.525720464378e-04 6.752790876972e-08 7.839002363441e+00
60202.205882 1.186329283922e-05 2.295962100357e+04 9.998494685640e-01 1.504660770864e-04 6.535835112858e-08 1.338935355159e+01
60317.095588 1.330330211664e-05 2.291095117667e+04 9.998493451367e-01 1.505827492017e-04 7.211305111863e-08 1.442215776222e+01
60431.985294 1.477101288412e-05 2.331447989443e+04 9.998452963109e-01 1.546224035268e-04 8.128418341106e-08 1.187475425318e+01
60546.875000 1.523074934876e-05 2.408595627971e+04 9.998361473866e-01 1.637639168456e-04 8.869513133361e-08 1.276183899796e+01
60661.764706 2.020197210316e-05 2.410961009786e+04 9.998279498316e-01 1.719295705082e-04 1.205948570622e-07 3.627304981968e+01
60776.654412 3.043397331638e-05 2.390805040553e+04 9.998167300052e-01 1.830813796733e-04 1.886085901819e-07 1.445431446638e+04
60891.544118 2.640666262673e-05 2.551397766513e+04 9.997691339079e-01 2.306559455312e-04 2.101414448668e-07 3.615827242039e+05
61006.433824 1.832690745969e-05 2.767507172013e+04 9.996870248063e-01 3.127702218231e-04 2.049723985211e-07 6.897506385833e+05
61121.323529 1.368528203643e-05 2.927357610890e+04 9.996139525798e-01 3.858531005459e-04 1.943264482040e-07 1.491046319724e+05
61236.213235 1.464633973722e-05 2.917990341193e+04 9.996093067174e-01 3.904863037759e-04 2.069852807093e-07 4.220534557551e+04
61351.102941 3.304529028034e-05 2.613704550339e+04 9.997168677959e-01 2.828309285599e-04 3.012684969109e-07 1.474862796247e+04
61465.992647 8.839418701269e-05 2.542553640832e+04 9.997522599487e-01 2.473073985778e-04 4.326262593458e-07 3.694018909412e+03
61580.882353 4.922515268729e-01 1.837111595568e+04 9.998731513886e-01 1.267509928837e-04 9.760937715982e-08 1.074517173156e+03
61695.772059 8.195108149157e-01 1.199300164487e+04 9.998756325240e-01 1.242993378435e-04 6.813640641652e-08 4.863931560177e+03
61810.661765 4.556537655966e-01 2.068760945931e+04 9.998705928555e-01 1.293205202386e-04 8.662119056316e-08 2.452170142619e+04
61925.551471 1.469352788658e-01 2.375604883526e+04 9.998334834630e-01 1.663899822072e-04 1.265511009086e-07 6.810731381030e+04
62040.441176 5.013795641526e-02 2.419628779091e+04 9.998207768919e-01 1.790579487011e-04 1.651541075783e-07 2.820301202699e+05
62155.330882 1.092039426492e-02 2.352463992961e+04 9.998400231022e-01 1.598128065740e-04 1.640850854781e-07 7.386834218935e+05
62270.220588 2.318645917046e-03 2.293965020961e+04 9.998555522425e-01 1.443106331887e-04 1.371190254137e-07 5.825137123015e+06
62385.110294 1.434223634385e-03 2.346281706473e+04 9.998540162272e-01 1.458706653026e-04 1.131037464829e-07 6.242490259504e+04
62500.000000 1.115337359420e-02 2.311280453559e+04 9.998467736913e-01 1.530478891976e-04 1.784121223669e-07 8.907833273765e+04
62614.889706 8.063380410237e-02 2.360912106636e+04 9.998386689391e-01 1.611825134799e-04 1.485423301987e-07 6.129646578795e+03
62729.779412 2.767235946746e-01 2.281546836924e+04 9.998613028433e-01 1.386099947977e-04 8.715928983453e-08 2.486735740551e+02
62844.669118 7.474241491733e-01 1.539692350228e+04 9.998862540265e-01 1.136931060653e-04 5.286616984179e-08 1.097017089039e+03
62959.558824 9.756318892855e-01 1.895834345326e+03 9.998880750585e-01 1.118836475730e-04 4.129562278512e-08 3.954942349564e+04
63074.448529 9.976901662388e-01 2.049238961834e+02 9.998904294239e-01 1.095512188572e-04 1.935879675471e-08 8.597444534400e+05
63189.338235 9.985643816754e-01 1.356732338368e+02 9.998925796056e-01 1.074056438058e-04 1.475216251081e-08 3.740267522026e+05
63304.227941 9.883490035358e-01 9.211156337192e+02 9.998940912784e-01 1.058960937936e-04 1.262929876861e-08 5.302972864842e+02
63419.117647 9.783769859359e-01 1.681330941220e+03 9.998949677070e-01 1.050212876081e-04 1.100681041529e-08 3.047234321296e+02
63534.007353 9.800102356095e-01 1.556204221964e+03 9.998956874380e-01 1.043032827103e-04 9.280744682724e-09 1.983041050791e+02
63648.897059 9.873771189599e-01 9.831468296322e+02 9.998963487250e-01 1.036431473623e-04 8.129021399233e-09 1.229328481213e+02
63763.786765 9.922174081001e-01 5.995313995674e+02 9.998970012898e-01 1.029910943936e-04 7.617194614428e-09 9.763357811857e+01
63878.676471 9.949445622411e-01 3.835917943151e+02 9.998976838645e-01 1.023083744266e-04 7.762426037782e-09 1.003342886963e+02
63993.566176 9.971929787747e-01 2.195598939184e+02 9.998984472999e-01 1.015446362058e-04 8.065217852185e-09 2.211779949244e+02
64108.455882 9.988368953145e-01 1.055060376446e+02 9.998993633893e-01 1.006282961756e-04 8.315880789887e-09 3.383059940483e+04
64223.345588 9.997561500511e-01 5.548324527164e+01 9.999004042423e-01 9.959000866682e-05 5.750332540113e-09 1.762499257868e+04
64338.235294 9.997681036445e-01 4.301385929851e+01 9.999013328994e-01 9.866149987104e-05 5.602039988259e-09 4.440160102043e+02
64453.125000 9.997683666021e-01 4.001281970011e+01 9.999020187059e-01 9.797634397187e-05 4.951361922608e-09 2.455738787035e+02
64568.014706 9.997722018228e-01 3.821572338269e+01 9.999025766462e-01 9.741852729193e-05 4.827806676607e-09 1.644673714313e+02
64682.904412 9.997787776641e-01 3.675075766627e+01 9.999030995879e-01 9.689547866471e-05 4.934693134883e-09 1.189711509882e+02
64797.794118 9.997891679880e-01 3.547428989012e+01 9.999036179040e-01 9.637674344454e-05 5.353821206905e-09 1.099989287485e+02
64912.683824 9.997944326806e-01 3.447629532763e+01 9.999041540387e-01 9.583958179043e-05 6.380688560665e-09 1.340941457520e+02
65027.573529 9.997944529963e-01 3.381290365497e+01 9.999047298634e-01 9.526173584615e-05 8.401964175496e-09 2.448632896352e+02
65142.463235 9.997944750392e-01 3.341385718625e+01 9.999053556996e-01 9.463380734022e-05 1.049421968438e-08 8.936011728521e+02
65257.352941 9.997944989194e-01 3.313962274798e+01 9.999060072889e-01 9.398162373082e-05 1.108853579066e-08 2.485870613724e+06
65372.242647 9.997945229232e-01 3.291078248105e+01 9.999066423643e-01 9.334718107309e-05 1.045581068573e-08 1.635436796251e+04
65487.132353 9.997945457125e-01 3.269807452085e+01 9.999072492748e-01 9.274051579877e-05 1.021050686439e-08 1.043249033306e+03
65602.022059 9.997945679624e-01 3.249098303566e+01 9.999078498474e-01 9.213958286941e-05 1.057082487946e-08 6.722062226324e+02
65716.911765 9.997945905952e-01 3.228437972299e+01 9.999084678736e-01 9.152064899530e-05 1.147854380298e-08 8.666949392730e+02
65831.801471 9.997946144394e-01 3.207415834764e+01 9.999091203630e-01 9.086704356947e-05 1.259449218859e-08 1.072478828977e+03
65946.691176 9.997946398665e-01 3.185555261915e+01 9.999098160378e-01 9.017013042973e-05 1.383278907686e-08 6.629683071248e+02
66061.580882 9.997946669624e-01 3.162865997934e+01 9.999105402914e-01 8.944572818180e-05 1.398149069681e-08 2.833953139815e+02
66176.470588 9.997946943665e-01 3.139146389537e+01 9.999112935107e-01 8.869096276026e-05 1.552753952289e-08 1.601658935958e+02
66291.360294 9.997947242408e-01 3.113088026094e+01 9.999121410777e-01 8.783982782282e-05 1.909545766636e-08 1.250927534391e+02
66406.250000 9.997947591044e-01 3.085737860887e+01 9.999130552320e-01 8.692648616151e-05 1.828286382774e-08 1.167012808292e+02
66521.139706 9.997947924718e-01 3.061112136768e+01 9.999138645704e-01 8.612246029009e-05 1.297031288308e-08 1.291848487137e+02
66636.029412 9.997948183903e-01 3.041745859700e+01 9.999145125480e-01 8.547729812980e-05 1.015480482116e-08 1.674566912286e+02
66750.919118 9.997948406263e-01 3.025981574856e+01 9.999150929954e-01 8.489753499868e-05 9.470509796447e-09 2.223032643580e+02
66865.808824 9.997948622840e-01 3.012510612061e+01 9.999156585773e-01 8.433252221861e-05 8.901366168579e-09 2.665420314596e+02
66980.698529 9.997948834417e-01 3.002873057740e+01 9.999161984040e-01 8.379411265955e-05 7.484297553205e-09 2.872838677534e+02
67095.588235 9.997949027596e-01 2.993854831329e+01 9.999166983190e-01 8.329515809807e-05 6.523790819553e-09 3.119045215138e+02
67210.477941 9.997949208137e-01 2.977905544417e+01 9.999171831685e-01 8.281013197892e-05 6.700413484290e-09 1.557482675755e+03
67325.367647 9.997949390566e-01 2.956992649031e+01 9.999176811380e-01 8.231156286155e-05 7.300008093363e-09 6.214231335837e+05
67440.257353 9.997949580835e-01 2.940542569598e+01 9.999181893684e-01 8.180334847393e-05 7.284001643961e-09 6.389501056191e+02
67555.147059 9.997949773302e-01 2.946725165691e+01 9.999186729182e-01 8.132148718809e-05 5.595512090277e-09 4.353894310449e+02
67670.036765 9.997949946412e-01 2.956280000435e+01 9.999191229906e-01 8.087195852350e-05 5.051715540161e-09 4.134246706424e+02
67784.926471 9.997950122083e-01 2.955731897014e+01 9.999195916862e-01 8.040270649614e-05 5.608099963898e-09 5.736138476794e+02
67899.816176 9.997950324157e-01 2.953642120828e+01 9.999201306505e-01 7.986271824098e-05 6.632115021752e-09 4.057153797481e+02
68014.705882 9.997950571658e-01 2.930287897099e+01 9.999208027669e-01 7.918810932078e-05 9.124603495947e-09 2.425864066534e+02
68129.595588 9.997950889937e-01 2.900064840209e+01 9.999216667382e-01 7.832128252096e-05 1.198007945738e-08 2.021880611760e+02
68244.485294 9.997951296987e-01 2.921134240235e+01 9.999227026184e-01 7.728558563984e-05 1.179670255938e-08 1.608847638252e+02
68359.375000 9.997951698326e-01 3.198829601409e+01 9.999236935462e-01 7.630053937074e-05 5.915227434431e-09 2.279266348035e+02
68474.264706 9.997951973084e-01 3.176639558812e+01 9.999244473353e-01 7.554804838048e-05 4.617025855844e-09 8.334506109991e+02
68589.154412 9.997952190635e-01 3.023884646892e+01 9.999250471900e-01 7.494843513222e-05 4.375594660212e-09 1.006345053552e+06
68704.044118 9.997952381819e-01 2.902118626085e+01 9.999255723213e-01 7.442325602224e-05 4.423425591944e-09 3.136501234986e+02
68818.933824 9.997952560986e-01 2.802836185103e+01 9.999260672876e-01 7.392778226891e-05 4.930787906852e-09 1.192170051466e+02
68933.823529 9.997952735171e-01 2.745179930296e+01 9.999265446901e-01 7.345029367824e-05 5.016886171099e-09 9.402638917742e+01
69048.713235 9.997952901718e-01 2.709452082372e+01 9.999269967878e-01 7.299818373697e-05 5.029128253874e-09 1.131312353399e+02
69163.602941 9.997953063893e-01 2.685785358989e+01 9.999274340286e-01 7.256092427813e-05 5.047821790562e-09 4.578518648930e+02
69278.492647 9.997953221469e-01 2.661380420844e+01 9.999278583191e-01 7.213674367225e-05 4.937904529095e-09 4.614053585898e+06
69393.382353 9.997953379795e-01 2.662068198939e+01 9.999282760269e-01 7.171913774467e-05 4.836027826026e-09 2.704432016396e+03
69508.272059 9.997953559648e-01 2.699637403367e+01 9.999287439351e-01 7.125052464405e-05 5.540862998786e-09 7.943685097616e+02
69623.161765 9.997953795573e-01 2.818301499514e+01 9.999293331212e-01 7.066118023348e-05 5.699194873792e-09 4.863389588471e+02
69738.051471 9.997954082469e-01 3.331563938388e+01 9.999300410472e-01 6.995460115556e-05 4.352300367937e-09 3.527942951723e+02
69852.941176 9.991533786420e-01 7.535424196375e+01 9.999307615256e-01 6.923362608820e-05 4.848929084598e-09 2.194389211611e+05
69967.830882 9.942248556897e-01 4.438781396404e+02 9.999313476208e-01 6.864739479740e-05 4.985030889703e-09 1.880871656445e+05
70082.720588 9.689612991577e-01 2.298178373311e+03 9.999317829409e-01 6.821130687978e-05 5.752780790569e-09 2.092301388329e+04
70197.610294 9.800237842689e-01 1.499937063719e+03 9.999321628321e-01 6.783236239841e-05 4.806136247982e-09 3.249156509254e+02
70312.500000 9.923143390345e-01 5.877601475215e+02 9.999325430546e-01 6.745277195734e-05 4.174035509672e-09 2.966527008682e+02
70427.389706 9.980485171588e-01 1.605261151820e+02 9.999329774268e-01 6.701854842168e-05 4.025368464314e-09 2.813064130221e+02
70542.279412 9.993932084473e-01 5.868140167831e+01 9.999335079861e-01 6.648808709526e-05 3.927400119459e-09 2.627536810736e+02
70657.169118 9.994481861009e-01 5.440209849836e+01 9.999341031296e-01 6.589284462502e-05 4.026310181739e-09 2.089578289164e+02
70772.058824 9.990024873232e-01 8.861252516428e+01 9.999346841107e-01 6.531194581222e-05 3.944038282526e-09 1.692214604656e+02
70886.948529 9.984094437987e-01 1.341164998003e+02 9.999351974469e-01 6.479884144311e-05 3.712177798089e-09 1.661701577355e+02
71001.838235 9.978538293846e-01 1.767701251616e+02 9.999356506647e-01 6.434578816346e-05 3.547694049936e-09 2.039118636641e+02
71116.727941 9.973869072545e-01 2.123397070884e+02 9.999360832133e-01 6.391301774741e-05 3.769484212356e-09 4.284344896507e+02
71231.617647 9.968552588501e-01 2.528032463019e+02 9.999365382286e-01 6.345741876786e-05 4.353164148489e-09 7.510462261163e+04
71346.507353 9.958687146052e-01 3.282560374491e+02 9.999370250873e-01 6.297001502088e-05 4.898175609621e-09 1.103632219103e+06
71461.397059 9.933146973961e-01 5.239047889782e+02 9.999374985990e-01 6.249659577399e-05 4.805721727628e-09 3.580221996076e+05
71576.286765 9.891272261484e-01 8.427672138044e+02 9.999379185712e-01 6.207677713190e-05 4.652130138005e-09 3.536007571698e+04
71691.176471 9.839525441434e-01 1.232635831370e+03 9.999383048450e-01 6.169020946755e-05 4.946053942803e-09 4.149611614548e+03
71806.066176 9.769714152438e-01 1.752202166106e+03 9.999386885436e-01 6.130573752681e-05 5.719349902021e-09 3.092744218754e+03
71920.955882 9.682004685085e-01 2.394115879515e+03 9.999390954315e-01 6.089721927575e-05 7.349702970494e-09 5.805155472054e+04
72035.845588 9.614513204957e-01 2.876323101684e+03 9.999395388028e-01 6.045244177139e-05 8.755891903820e-09 1.822880571485e+05
72150.735294 9.716606275752e-01 2.126533016359e+03 9.999400395026e-01 5.995034905709e-05 1.014879299659e-08 9.957981442836e+05
72265.625000 9.638656396193e-01 2.668595559103e+03 9.999412524665e-01 5.869561683656e-05 5.191702825578e-08 3.157329723097e+05
72380.514706 3.020868945309e-01 1.403119009596e+04 9.999428107014e-01 5.702380539435e-05 1.654835283702e-07 2.439776613798e+04
72495.404412 2.226572430531e-03 1.628708502937e+04 9.999433428655e-01 5.658270169991e-05 7.442880167079e-08 3.438115274136e+02
72610.294118 1.460773558508e-03 1.544529861649e+04 9.999438091356e-01 5.613204434915e-05 5.881697668062e-08 1.824775813437e+02
72725.183824 1.127674904300e-03 1.394016432677e+04 9.999441641091e-01 5.578719256101e-05 4.869591736384e-08 1.064577426778e+02
72840.073529 9.400164372828e-04 1.100215263770e+04 9.999444497912e-01 5.550846623659e-05 4.174058515962e-08 9.185830688722e+01
72954.963235 8.477295556659e-04 9.237647157814e+03 9.999447064336e-01 5.525480411733e-05 3.876046703014e-08 1.235145083624e+02
73069.852941 8.783930224914e-04 9.061219961230e+03 9.999449584879e-01 5.499936860855e-05 4.214145947558e-08 2.020775053414e+02
73184.742647 9.929210943716e-04 9.243473919315e+03 9.999452221132e-01 5.472759272194e-05 5.029154507523e-08 2.194950012820e+03
73299.632353 1.019614554972e-03 9.412790245145e+03 9.999454885605e-01 5.446368691690e-05 4.775015839793e-08 8.256415712357e+03
73414.522059 2.435462404998e-03 1.175511297362e+04 9.999458389537e-01 5.405757943922e-05 1.034611376060e-07 2.921998212211e+03
73529.411765 5.153299150943e-03 1.469830608808e+04 9.999463697029e-01 5.342815094920e-05 2.021342252358e-07 5.514353985503e+02
73644.301471 3.929110326295e-03 1.569737805185e+04 9.999469072090e-01 5.293878709716e-05 1.539949835784e-07 4.300036983806e+02
73759.191176 2.855675744553e-03 1.576765984382e+04 9.999474653439e-01 5.241938498388e-05 1.152645387713e-07 5.398802152531e+02
73874.080882 2.774249399721e-03 1.488455566154e+04 9.999480323148e-01 5.185128285868e-05 1.163957116960e-07 5.640252389150e+02
73988.970588 1.276824752715e-03 1.399421233516e+04 9.999484414596e-01 5.150184881747e-05 5.668858103826e-08 4.639715695865e+02
74103.860294 1.181375999672e-03 1.335160617676e+04 9.999487427036e-01 5.120229978991e-05 5.499368440536e-08 4.147066705568e+02
74218.750000 1.305124417401e-03 1.285411016815e+04 9.999490455265e-01 5.089184872838e-05 6.262140046704e-08 4.053221818618e+02
74333.639706 1.492259424133e-03 1.258337146869e+04 9.999493657175e-01 5.056135218364e-05 7.292639684194e-08 4.012408881634e+02
74448.529412 1.530594549959e-03 1.244575855197e+04 9.999496956803e-01 5.022903505777e-05 7.528055924587e-08 5.971075435574e+02
74563.419118 1.381442705606e-03 1.209971887437e+04 9.999500131052e-01 4.991945684976e-05 6.743426368125e-08 1.169265577770e+03
74678.308824 1.329367793840e-03 1.199799083888e+04 9.999503138387e-01 4.962289065465e-05 6.326726753469e-08 1.656661125789e+03
74793.198529 1.319507479446e-03 1.221757402466e+04 9.999506063406e-01 4.933282134101e-05 6.083484168896e-08 1.753147430017e+03
74908.088235 1.297582335047e-03 1.253707035528e+04 9.999508936636e-01 4.904801998293e-05 5.831332403761e-08 6.855059999910e+02
75022.977941 1.569168415147e-03 1.331541625037e+04 9.999511956322e-01 4.873526173578e-05 6.910226051811e-08 2.269913364707e+02
75137.867647 2.235004007437e-03 1.439012383154e+04 9.999515413477e-01 4.836260707576e-05 9.603980249221e-08 1.382200041285e+02
75252.757353 2.684484202981e-03 1.489095764711e+04 9.999519367539e-01 4.795034600927e-05 1.128936156764e-07 1.132167973333e+02
75367.647059 2.690978273423e-03 1.514529774829e+04 9.999523573645e-01 4.753197000237e-05 1.106591997286e-07 8.903729844764e+01
75482.536765 1.451786797160e-03 1.528215031951e+04 9.999527341345e-01 4.720693774896e-05 5.892457651392e-08 7.889173671825e+01
75597.426471 9.609306795120e-04 1.535727346571e+04 9.999530100315e-01 4.695206946291e-05 3.789712695277e-08 8.407758483768e+01
75712.316176 8.005166716354e-04 1.563521318724e+04 9.999532352609e-01 4.673444429990e-05 3.029329932493e-08 1.068757500790e+02
75827.205882 7.595009854536e-04 1.605692904644e+04 9.999534351730e-01 4.653737210907e-05 2.745358012282e-08 1.638124226616e+02
75942.095588 6.837554611595e-04 1.659706598200e+04 9.999536132686e-01 4.636296589645e-05 2.376437488505e-08 3.541346858075e+02
76056.985294 6.577605197930e-04 1.706042507252e+04 9.999537720582e-01 4.620579661422e-05 2.214415258471e-08 1.223976195618e+03
76171.875000 7.256419891097e-04 1.714759188615e+04 9.999539517145e-01 4.602449276513e-05 2.379163130260e-08 5.062563861660e+03
76286.764706 9.012970698795e-04 1.678690531848e+04 9.999541867755e-01 4.578434230713e-05 2.888074449164e-08 1.745257007146e+04
76401.654412 1.362134288907e-03 1.553853754354e+04 9.999545005930e-01 4.545758152560e-05 4.182329129542e-08 5.697150347389e+04
76516.544118 2.331786933263e-03 1.417873579850e+04 9.999548111838e-01 4.512197973253e-05 6.683281623936e-08 1.245694624333e+05
76631.433824 5.468886742307e-03 1.393615252124e+04 9.999551862903e-01 4.469494632600e-05 1.187565677416e-07 2.312105426432e+05
76746.323529 1.059834257659e-02 1.501502297022e+04 9.999555499563e-01 4.435299222871e-05 9.704597620141e-08 3.177819028535e+05
76861.213235 1.180223905203e-01 1.627192491833e+04 9.999557937808e-01 4.415809736857e-05 4.811921570954e-08 6.145212066600e+03
76976.102941 5.110417040913e-01 1.593823745549e+04 9.999561485290e-01 4.382944467782e-05 2.202528831738e-08 1.260535966892e+02
77090.992647 8.244880615664e-01 1.090396952496e+04 9.999564642921e-01 4.352584972682e-05 9.857869484186e-09 1.519472843363e+02
77205.882353 9.458611022611e-01 3.787660821674e+03 9.999567381452e-01 4.325599229979e-05 5.862757899896e-09 5.458007287451e+05
77320.772059 9.834680767269e-01 1.213558697739e+03 9.999570027004e-01 4.299371258019e-05 3.587276287743e-09 4.581299281056e+04
77435.661765 9.946348144141e-01 4.079083247887e+02 9.999572489737e-01 4.274877670164e-05 2.249787566719e-09 1.725500231156e+02
77550.551471 9.983563906542e-01 1.318524800846e+02 9.999574834606e-01 4.251483968828e-05 1.699967740898e-09 2.020077473475e+02
77665.441176 9.995323930974e-01 4.598840776373e+01 9.999577203791e-01 4.227826424913e-05 1.356887440198e-09 3.323563459180e+02
77780.330882 9.997825022712e-01 2.296401721344e+01 9.999579653342e-01 4.203316922447e-05 1.496773916939e-09 1.067402708789e+03
77895.220588 9.997964579319e-01 1.709384087428e+01 9.999582472875e-01 4.174904797473e-05 3.664727783373e-09 5.483356555756e+03
78010.110294 9.997964631756e-01 1.598557333369e+01 9.999586365832e-01 4.135321893892e-05 1.019811953166e-08 5.299165752223e+03
78125.000000 9.997964754168e-01 1.576846346590e+01 9.999592703888e-01 4.070971060626e-05 1.990078006518e-08 2.896202149159e+03
78239.889706 9.997965125386e-01 1.573542866774e+01 9.999603100629e-01 3.966386549032e-05 2.607178547075e-08 4.441417474219e+03
78354.779412 9.997966030863e-01 1.910111058772e+01 9.999619114823e-01 3.807263682249e-05 1.588100688567e-08 7.513825161963e+05
78469.669118 9.978887816232e-01 1.651577399627e+02 9.999634081015e-01 3.658238845559e-05 9.510249782138e-09 2.634888562241e+05
78584.558824 9.505303807678e-01 3.553601407746e+03 9.999641248424e-01 3.586142418670e-05 1.373359944746e-08 2.352799908236e+04
78699.448529 4.950126973960e-01 1.455053153594e+04 9.999645230444e-01 3.543587176711e-05 4.108162782115e-08 4.182282326455e+04
78814.338235 1.678138685694e-02 1.531556792057e+04 9.999648072330e-01 3.509606788495e-05 9.669359264374e-08 8.826630358200e+05
78929.227941 1.310691016278e-02 1.440794367744e+04 9.999653022530e-01 3.451524056350e-05 1.824955011882e-07 5.275191586088e+05
79044.117647 3.126964943996e-02 1.356148742717e+04 9.999659132660e-01 3.386226817465e-05 2.244522256671e-07 1.282390087685e+05
79159.007353 8.001826896372e-02 1.224571469143e+04 9.999665459616e-01 3.322142731741e-05 2.325969722026e-07 5.691299804877e+04
79273.897059 5.596240008840e-01 1.089004027500e+04 9.999671147613e-01 3.278585150481e-05 9.938151430877e-08 2.354226659802e+04
79388.786765 6.714577300524e-01 1.526717470265e+04 9.999675364829e-01 3.244443010737e-05 1.908602042469e-08 1.280568635055e+04
79503.676471 8.984961492107e-01 6.862721685881e+03 9.999678117573e-01 3.217996983075e-05 8.272533501506e-09 2.003789308656e+04
79618.566176 9.694318153512e-01 2.172379207107e+03 9.999680484555e-01 3.194647455912e-05 5.070080791959e-09 4.553560668149e+05
79733.455882 9.887953159728e-01 7.986745347223e+02 9.999682672839e-01 3.172991816277e-05 2.798107215935e-09 8.051920096874e+05
79848.345588 9.962019923451e-01 2.724329125988e+02 9.999684592225e-01 3.153900663045e-05 1.770942684171e-09 5.485602884983e+02
79963.235294 9.989501089468e-01 8.378301201598e+01 9.999686440872e-01 3.135466252785e-05 1.250367666027e-09 1.461690681758e+02
80078.125000 9.996492744728e-01 3.203322983892e+01 9.999688286787e-01 3.117034832962e-05 9.730982171073e-10 8.307282071141e+01
80193.014706 9.997968612835e-01 2.320424870287e+01 9.999690014213e-01 3.099782971480e-05 7.491009204466e-10 7.482300310931e+01
80307.904412 9.997968668062e-01 2.446413175364e+01 9.999691541542e-01 3.084521739584e-05 6.285416748409e-10 9.969368055021e+01
80422.794118 9.997968718115e-01 2.409709495743e+01 9.999692917423e-01 3.070767842446e-05 5.794105430356e-10 1.985548512535e+02
80537.683824 9.997968765374e-01 2.023618585981e+01 9.999694216472e-01 3.057774442187e-05 6.084795424753e-10 5.786322817424e+02
80652.573529 9.997968811187e-01 1.599253247024e+01 9.999695501703e-01 3.044906738728e-05 7.624228800498e-10 2.766768072161e+03
80767.463235 9.997968854508e-01 1.347863461263e+01 9.999696854316e-01 3.031333002414e-05 1.238502247429e-09 5.285936722261e+06
80882.352941 9.997968892090e-01 1.246578130545e+01 9.999698363306e-01 3.016144319873e-05 2.226282792728e-09 7.381244487689e+02
80997.242647 9.997968935741e-01 1.212481462074e+01 9.999700028451e-01 2.999411692830e-05 3.038099863925e-09 1.133739580686e+02
81112.132353 9.997968996298e-01 1.197447274927e+01 9.999701698815e-01 2.982719439363e-05 2.924260699292e-09 6.618673936894e+01
81227.022059 9.997969063017e-01 1.188043047298e+01 9.999703191246e-01 2.967871193878e-05 2.163558789228e-09 6.185400857289e+01
81341.911765 9.997969118842e-01 1.180757714380e+01 9.999704469534e-01 2.955141730368e-05 1.629369269050e-09 8.581160300961e+01
81456.801471 9.997969162250e-01 1.174372014802e+01 9.999705646957e-01 2.943370021563e-05 1.604207964797e-09 1.884493446453e+02
81571.691176 9.997969203588e-01 1.168837273104e+01 9.999706818989e-01 2.931641036193e-05 1.690832529817e-09 1.625820879674e+03
81686.580882 9.997969246147e-01 1.163734758666e+01 9.999707999233e-01 2.919834675031e-05 1.730003940360e-09 1.099871720085e+03
81801.470588 9.997969290106e-01 1.158809809210e+01 9.999709171926e-01 2.908112826523e-05 1.679228536417e-09 2.211215185345e+02
81916.360294 9.997969332288e-01 1.154082853479e+01 9.999710333613e-01 2.896493446706e-05 1.704308536043e-09 1.558523422733e+02
82031.250000 9.997969370988e-01 1.149718364204e+01 9.999711524245e-01 2.884559735535e-05 1.978227636943e-09 1.383898765151e+02
82146.139706 9.997969409201e-01 1.145788396149e+01 9.999712806870e-01 2.871684145819e-05 2.471606790718e-09 1.206354022178e+02
82261.029412 9.997969455210e-01 1.142039961729e+01 9.999714196290e-01 2.857759972614e-05 2.771333063913e-09 1.080568788939e+02
82375.919118 9.997969511774e-01 1.138323365508e+01 9.999715609412e-01 2.843650741246e-05 2.551523373823e-09 1.117189961242e+02
82490.808824 9.997969569098e-01 1.135287907484e+01 9.999716950260e-01 2.830282801790e-05 2.146111682192e-09 1.510486322367e+02
82605.698529 9.997969617707e-01 1.132069921926e+01 9.999718230295e-01 2.817488710581e-05 2.083468665777e-09 2.412549782144e+02
82720.588235 9.997969658605e-01 1.127468532994e+01 9.999719555939e-01 2.804188201767e-05 2.524223110380e-09 3.334316996143e+02
82835.477941 9.997969696810e-01 1.122485339541e+01 9.999721065732e-01 2.788993237170e-05 3.494472732596e-09 3.324603789383e+02
82950.367647 9.997969743402e-01 1.120734821705e+01 9.999722921379e-01 2.770300126352e-05 4.860892342543e-09 2.124383337692e+02
83065.257353 9.997969852753e-01 1.135656663641e+01 9.999724892366e-01 2.750755510988e-05 3.208353273294e-09 1.458531727738e+02
83180.147059 9.997969944389e-01 1.190659633913e+01 9.999726519804e-01 2.734646285751e-05 1.556880054630e-09 1.518233361177e+02
83295.036765 9.997969999324e-01 1.211469519801e+01 9.999727909647e-01 2.720765292533e-05 1.382484477223e-09 2.039451190392e+02
83409.926471 9.997970054117e-01 1.252381677211e+01 9.999729304133e-01 2.706827619087e-05 1.310636127466e-09 3.029928332081e+02
83524.816176 9.997970113409e-01 1.540548264475e+01 9.999730686868e-01 2.693050507531e-05 8.081772989411e-10 7.724089820171e+02
83639.705882 9.996588527690e-01 2.780753515251e+01 9.999731931909e-01 2.680625312870e-05 5.560218292625e-10 2.679300133710e+05
83754.595588 9.991942989324e-01 6.627162206506e+01 9.999732998020e-01 2.669972109108e-05 4.770073870780e-10 9.605034186356e+01
83869.485294 9.979345013434e-01 1.561611749448e+02 9.999733947981e-01 2.660471503668e-05 4.869011200423e-10 3.729161286231e+01
83984.375000 9.955661796121e-01 3.400284655501e+02 9.999734849792e-01 2.651449677495e-05 5.241031746916e-10 3.599820995613e+01
84099.264706 9.904567116969e-01 7.045837093516e+02 9.999735743520e-01 2.642500418852e-05 6.438498073124e-10 1.224956369566e+03
84214.154412 9.799553215475e-01 1.461709559317e+03 9.999736651642e-01 2.633399582481e-05 8.401025358007e-10 1.200648221349e+05
84329.044118 9.566003622877e-01 3.079509963425e+03 9.999737584382e-01 2.624038718167e-05 1.174711993384e-09 1.411690033729e+05
84443.933824 9.028659064078e-01 6.523721623782e+03 9.999738550516e-01 2.614321584596e-05 1.732600547820e-09 8.315207838873e+04
84558.823529 7.803978747796e-01 1.302300566976e+04 9.999739535999e-01 2.604382753529e-05 2.572515365672e-09 5.111631531852e+04
84673.713235 5.434819289168e-01 1.720393761620e+04 9.999740003417e-01 2.599526337285e-05 4.394728491781e-09 4.878046551703e+04
84788.602941 2.436222983727e-01 1.771821419086e+04 9.999740109870e-01 2.598211272417e-05 6.900014635370e-09 3.871506520896e+04
84903.492647 6.250995389592e-02 1.757138678919e+04 9.999740920017e-01 2.589898760694e-05 9.010253862178e-09 1.966321838256e+04
85018.382353 1.177397150843e-02 1.617179289763e+04 9.999742944046e-01 2.569336959805e-05 1.222520087518e-08 6.487166737767e+03
85133.272059 4.929042438600e-03 1.408147277874e+04 9.999744379259e-01 2.554463603312e-05 1.743713528977e-08 1.885238761862e+03
85248.161765 5.133943697097e-03 1.241821382410e+04 9.999745533070e-01 2.542208740089e-05 2.460427603831e-08 8.747767164914e+02
85363.051471 7.067896534639e-03 1.213438977079e+04 9.999746866045e-01 2.527316990666e-05 4.022336703551e-08 8.174773432556e+02
85477.941176 7.300883746867e-03 1.215255165002e+04 9.999748407161e-01 2.511000043099e-05 4.928066718227e-08 1.468878774354e+03
85592.830882 4.967201800893e-03 1.093919136844e+04 9.999749863580e-01 2.497444654423e-05 3.919328461390e-08 2.218091471384e+03
85707.720588 3.224539982479e-03 1.024817981265e+04 9.999751100757e-01 2.485981155443e-05 3.011113844165e-08 2.818996568299e+03
85822.610294 2.607568117603e-03 1.105536893400e+04 9.999752299387e-01 2.473796512512e-05 3.209440303051e-08 1.673908363025e+03
85937.500000 2.264092421951e-02 1.448059074060e+04 9.999757486796e-01 2.373382462303e-05 5.174602016916e-07 1.532810714027e+03
86052.389706 7.565537677163e-03 1.674899006557e+04 9.999693272759e-01 2.960333236096e-05 1.069317680763e-06 9.623023116104e+04
86167.279412 2.888663773629e-03 1.565833674323e+04 9.999782908469e-01 2.162122166117e-05 8.792636241319e-08 1.162196089477e+05
86282.169118 5.262754207629e-03 1.494723941730e+04 9.999786531230e-01 2.126123481326e-05 8.563725161120e-08 7.273614672469e+03
86397.058824 6.727561392107e-03 1.421339112261e+04 9.999789247955e-01 2.099834105262e-05 7.685897242470e-08 6.085411505774e+03
86511.948529 5.192638397604e-03 1.259143437606e+04 9.999791138846e-01 2.083990583303e-05 4.620697778948e-08 3.050269711446e+03
86626.838235 6.654322645699e-03 1.303958616243e+04 9.999792508928e-01 2.070293189981e-05 4.617264674236e-08 3.631310379737e+03
86741.727941 1.045896059079e-02 1.428827709975e+04 9.999793777049e-01 2.057503850849e-05 4.725388874838e-08 6.882605631863e+03
86856.617647 2.550448409498e-01 1.470507518587e+04 9.999795085200e-01 2.046179346171e-05 2.968486398686e-08 9.079406807545e+04
86971.507353 8.199790958403e-01 1.115217119532e+04 9.999796733147e-01 2.031818573893e-05 8.499096283046e-09 3.235557511761e+05
87086.397059 9.698372762495e-01 2.181670501213e+03 9.999798344142e-01 2.016110405516e-05 4.481818904906e-09 2.325195550846e+05
87201.286765 9.949156142914e-01 3.820669300156e+02 9.999800089993e-01 1.998847944413e-05 2.521295409694e-09 1.778440534214e+03
87316.176471 9.989818925457e-01 7.695030876612e+01 9.999801864335e-01 1.981215152723e-05 1.415017923696e-09 5.205458413487e+02
87431.066176 9.997121669629e-01 2.220228482240e+01 9.999803522327e-01 1.964683103905e-05 9.362829410183e-10 3.550459320534e+02
87545.955882 9.997972863922e-01 1.168120835811e+01 9.999804972227e-01 1.950169753395e-05 1.079806760735e-09 2.649810378266e+02
87660.845588 9.997972903469e-01 1.021214659632e+01 9.999806201960e-01 1.937872118250e-05 1.082902011985e-09 2.565214165879e+02
87775.735294 9.997972952235e-01 1.626389404832e+01 9.999807286867e-01 1.927078409847e-05 5.292878341646e-10 2.990382595650e+02
87890.625000 9.991308027559e-01 6.339935412328e+01 9.999808299338e-01 1.916943618863e-05 6.300916658063e-10 6.307170575086e+02
88005.514706 9.947876825474e-01 3.719587240159e+02 9.999809239046e-01 1.907519700232e-05 8.984569045969e-10 2.579765839995e+05
88120.404412 9.717863200173e-01 1.934911860717e+03 9.999810102908e-01 1.898827418212e-05 1.435015423858e-09 7.449193055123e+05
88235.294118 8.759056204561e-01 7.649251426816e+03 9.999810950809e-01 1.890222760530e-05 2.691373866010e-09 1.786646312939e+05
88350.183824 5.754213280853e-01 1.398161205587e+04 9.999811796612e-01 1.881349070163e-05 6.847743147385e-09 1.053432528676e+05
88465.073529 2.096479537659e-01 1.406104144389e+04 9.999812646180e-01 1.872177390558e-05 1.360738521178e-08 8.715114807741e+04
88579.963235 7.335590361409e-02 1.406933371912e+04 9.999813473023e-01 1.863680250596e-05 1.589432290560e-08 7.592327119329e+04
88694.852941 5.241925573441e-02 1.425161656066e+04 9.999814252356e-01 1.856003576457e-05 1.472787542981e-08 3.620046081811e+04
88809.742647 7.790858938391e-02 1.466839897706e+04 9.999814968323e-01 1.849096565500e-05 1.220138393946e-08 1.548999402010e+04
88924.632353 1.998569571374e-01 1.508233445715e+04 9.999815648654e-01 1.842625132730e-05 8.882839135909e-09 1.141350344715e+04
89039.522059 5.093452723562e-01 1.503994011872e+04 9.999816400758e-01 1.835463909855e-05 5.284850675193e-09 1.526557480756e+04
89154.411765 8.293830967837e-01 1.016616015301e+04 9.999817221591e-01 1.827495906579e-05 2.881754731059e-09 3.156790514022e+04
89269.301471 9.674429049042e-01 2.231625936518e+03 9.999818099113e-01 1.818786663679e-05 2.222075379184e-09 6.960882057534e+04
89384.191176 9.964251850692e-01 2.663063793871e+02 9.999819214090e-01 1.807710934407e-05 1.481644685958e-09 1.448564261442e+05
89499.080882 9.997628936594e-01 2.732699696517e+01 9.999820602583e-01 1.793906349863e-05 6.781942806554e-10 1.539768019278e+05
89613.970588 9.997973484175e-01 9.629748937582e+00 9.999821990896e-01 1.779961547343e-05 1.294961827631e-09 6.467229346403e+02
89728.860294 9.997973498543e-01 7.935390087667e+00 9.999823124556e-01 1.768571695753e-05 1.827497363000e-09 6.024468136352e+02
89843.750000 9.997973507517e-01 7.630403536656e+00 9.999824236029e-01 1.757352457745e-05 2.872601131696e-09 6.867333602127e+02
89958.639706 9.997973551200e-01 7.587206607840e+00 9.999825444876e-01 1.745261176128e-05 2.900713078109e-09 8.883288486034e+02
90073.529412 9.997973620999e-01 7.830742313394e+00 9.999826637173e-01 1.733406081570e-05 2.221944502230e-09 5.097353744142e+02
90188.419118 9.997973698798e-01 9.619533144607e+00 9.999827756341e-01 1.722332737109e-05 1.038562215658e-09 3.155567022792e+02
90303.308824 9.997973743024e-01 1.854814169397e+01 9.999828746456e-01 1.712494918816e-05 4.052688905486e-10 2.396175376815e+02
90418.198529 9.994892224596e-01 4.283975961201e+01 9.999829616452e-01 1.703793038177e-05 4.244650065307e-10 2.497968526046e+02
90533.088235 9.989067716658e-01 7.365011417697e+01 9.999830430281e-01 1.695642454790e-05 5.473787247042e-10 3.024633253802e+02
90647.977941 9.989072518191e-01 7.590088646123e+01 9.999831245199e-01 1.687490087635e-05 5.792657189535e-10 1.251708938839e+03
90762.867647 9.991116983581e-01 5.936867315820e+01 9.999832105520e-01 1.678881783772e-05 6.302373423373e-10 6.500388999772e+04
90877.757353 9.997691376997e-01 2.887981760171e+01 9.999833036129e-01 1.669601140063e-05 3.757451113929e-10 2.166539936097e+02
90992.647059 9.997973942461e-01 1.274094088416e+01 9.999834117125e-01 1.658744206521e-05 8.455047517610e-10 1.218595923316e+02
91107.536765 9.997973974245e-01 8.909532007188e+00 9.999835376370e-01 1.646074595537e-05 1.617103293592e-09 1.812070774389e+02
91222.426471 9.997974019719e-01 8.557907556605e+00 9.999836830581e-01 1.631462350131e-05 2.318411479605e-09 8.909345309962e+02
91337.316176 9.997974153816e-01 1.607649739221e+01 9.999839147470e-01 1.608316170308e-05 2.091348811298e-09 1.663251312997e+05
91452.205882 9.969172166333e-01 2.068043936083e+02 9.999842286810e-01 1.576647231352e-05 4.846685256879e-09 8.478209111988e+02
91567.095588 9.529771110208e-01 3.022369788467e+03 9.999844745627e-01 1.551879549147e-05 6.641861680381e-09 5.814111806182e+02
91681.985294 6.169727278231e-01 1.323690461324e+04 9.999846205826e-01 1.536579409524e-05 1.362261097402e-08 9.838057808446e+02
91796.875000 5.811664567829e-02 1.364444701983e+04 9.999847219487e-01 1.525509417678e-05 2.295581514104e-08 7.785211854459e+04
91911.764706 2.331501270138e-02 1.300477983808e+04 9.999848335741e-01 1.511506408918e-05 5.135889514823e-08 1.017818812588e+05
92026.654412 5.910152488950e-02 1.284004972360e+04 9.999850717478e-01 1.477546155051e-05 1.527813334581e-07 3.135927494752e+05
92141.544118 1.336444688211e-02 1.385969647143e+04 9.999852772969e-01 1.465236494351e-05 7.033407691343e-08 1.035081167434e+05
92256.433824 5.057931206055e-03 1.283636008693e+04 9.999854160330e-01 1.454603151869e-05 3.793329693990e-08 5.066968463839e+04
92371.323529 3.821903795183e-03 1.391574124311e+04 9.999855023675e-01 1.446350032543e-05 3.413025282720e-08 1.457393039777e+05
92486.213235 6.860414696510e-03 1.460037383899e+04 9.999855836558e-01 1.435931073762e-05 5.703017312759e-08 1.025608821779e+04
92601.102941 4.400510115088e-03 1.101954429623e+04 9.999857354673e-01 1.423402713883e-05 3.050384060777e-08 6.858760334039e+03
92715.992647 2.501576217279e-03 9.245199236503e+03 9.999857975499e-01 1.418871830855e-05 1.373105360288e-08 3.886812573362e+03
92830.882353 3.085722533660e-03 9.860855524987e+03 9.999858499296e-01 1.413712135193e-05 1.294831288731e-08 8.121579695521e+02
92945.772059 4.562042627176e-03 1.155899408008e+04 9.999859041584e-01 1.408185185139e-05 1.398896619001e-08 6.952640765949e+02
93060.661765 1.080839415915e-02 1.420924229617e+04 9.999859544777e-01 1.403137587949e-05 1.414560206893e-08 1.293894315936e+03
93175.551471 1.711597233477e-01 1.549280473928e+04 9.999859859680e-01 1.400344854130e-05 1.058287846474e-08 6.292178605862e+03
93290.441176 5.948912186091e-01 1.531038986147e+04 9.999860647716e-01 1.393121330977e-05 4.014910348483e-09 4.389180950022e+04
93405.330882 8.460407349478e-01 9.413943158726e+03 9.999861288821e-01 1.386951697807e-05 1.600843106519e-09 1.030469584923e+05
93520.220588 9.480345451297e-01 3.524901130405e+03 9.999861800083e-01 1.381902948078e-05 9.622541106111e-10 1.236528449825e+05
93635.110294 9.854614871837e-01 1.036230076210e+03 9.999862322762e-01 1.376700880862e-05 7.150102481486e-10 4.911036785657e+04
93750.000000 9.966627897178e-01 2.450065304267e+02 9.999862893384e-01 1.371010614274e-05 5.554371367282e-10 5.730996165753e+03
93864.889706 9.992772749321e-01 5.902509915169e+01 9.999863517754e-01 1.364785601003e-05 3.685686160842e-10 1.263543022611e+03
93979.779412 9.996661363073e-01 2.586831678303e+01 9.999864145806e-01 1.358513172149e-05 2.877106711705e-10 5.614331839438e+02
94094.669118 9.995220148231e-01 3.360028004069e+01 9.999864735827e-01 1.352612452580e-05 2.928130292064e-10 1.518130773533e+03
94209.558824 9.990246775083e-01 7.369195280917e+01 9.999865301549e-01 1.346951556057e-05 3.295192295248e-10 2.130428735500e+06
94324.448529 9.976080031741e-01 1.731960655291e+02 9.999865858607e-01 1.341371334240e-05 4.259913598214e-10 3.097294169095e+03
94439.338235 9.949817236481e-01 3.603855201018e+02 9.999866414781e-01 1.335795225386e-05 5.696306459079e-10 4.377750005349e+02
94554.227941 9.905984587088e-01 6.660319642468e+02 9.999867010633e-01 1.329801461408e-05 9.220966840741e-10 2.398586565419e+02
94669.117647 9.749701735485e-01 1.711779097134e+03 9.999867692225e-01 1.322903932955e-05 1.738215565232e-09 1.883125263191e+02
94784.007353 8.754195440049e-01 7.632519967034e+03 9.999868415221e-01 1.315545343972e-05 3.024311944626e-09 3.869489035344e+02
94898.897059 4.668720286383e-01 1.413414395762e+04 9.999869013301e-01 1.309316826646e-05 5.501380588072e-09 1.829623710277e+04
95013.786765 7.668229839298e-02 1.435083130966e+04 9.999869501738e-01 1.304123316915e-05 8.592554369290e-09 1.347985828487e+05
95128.676471 1.567266417268e-02 1.300768788903e+04 9.999870055163e-01 1.298232500333e-05 1.215808136405e-08 1.280845972062e+05
95243.566176 1.113761940285e-02 1.273492397357e+04 9.999870579367e-01 1.292858089958e-05 1.348165439674e-08 4.298265847154e+04
95358.455882 7.135692139549e-03 1.285868891062e+04 9.999871062549e-01 1.288431497490e-05 9.429579918539e-09 7.010723942691e+03
95473.345588 4.613655516994e-03 1.366678241816e+04 9.999871476146e-01 1.284669130114e-05 5.693820199886e-09 3.253721797424e+03
95588.235294 5.586363430674e-03 1.495609033111e+04 9.999871810613e-01 1.281484002882e-05 4.098475177995e-09 1.628992307413e+03
95703.125000 2.462686034558e-02 1.633991955789e+04 9.999871930627e-01 1.280339078937e-05 3.546344551202e-09 6.427583963062e+02
95818.014706 1.564004339914e-01 1.695938477577e+04 9.999872042946e-01 1.279253073371e-05 3.174469786885e-09 5.647955446920e+02
95932.904412 4.952745884594e-01 1.653029799879e+04 9.999872764510e-01 1.272148556391e-05 2.063380215785e-09 2.167566923045e+03
96047.794118 7.941388478352e-01 1.203503653205e+04 9.999873402296e-01 1.265867789941e-05 1.092465836835e-09 1.165003077375e+04
96162.683824 9.272822611548e-01 4.866399629263e+03 9.999873805364e-01 1.261876888235e-05 6.947380286796e-10 3.568980919136e+04
96277.573529 9.728195355725e-01 1.914440196439e+03 9.999874207827e-01 1.257875036775e-05 4.669241857003e-10 6.261476349260e+04
96392.463235 9.884330675398e-01 8.362676576338e+02 9.999874610522e-01 1.253857263434e-05 3.751948673014e-10 5.142598375562e+04
96507.352941 9.949222601192e-01 3.684589955074e+02 9.999875029563e-01 1.249669269265e-05 3.509937006903e-10 1.047556588739e+04
96622.242647 9.980699709233e-01 1.401735820454e+02 9.999875480186e-01 1.245166332045e-05 3.181389875680e-10 2.574932290282e+03
96737.132353 9.993589782814e-01 4.470182694812e+01 9.999875970927e-01 1.240262052348e-05 2.867960566182e-10 1.194795241436e+03
96852.022059 9.997228059256e-01 2.079123492334e+01 9.999876510697e-01 1.234865603698e-05 2.743119984110e-10 8.809063315248e+02
96966.911765 9.995097821491e-01 3.525671195585e+01 9.999877101261e-01 1.228951350286e-05 3.604524247907e-10 7.317276491602e+02
97081.801471 9.980006039401e-01 1.448724370427e+02 9.999877705911e-01 1.222889772249e-05 5.112224988746e-10 1.224407414941e+03
97196.691176 9.908886327834e-01 6.628756767184e+02 9.999878260005e-01 1.217335301179e-05 6.465502556117e-10 2.361541925692e+03
97311.580882 9.676851578406e-01 2.306844633256e+03 9.999878739838e-01 1.212527040723e-05 7.458099360002e-10 1.990915022465e+03
97426.470588 9.134785458604e-01 5.861659357277e+03 9.999879174961e-01 1.208156682013e-05 9.370612733659e-10 3.719338023557e+03
97541.360294 8.135575984227e-01 1.147246271784e+04 9.999879592471e-01 1.203947434207e-05 1.278549753368e-09 7.783849175917e+04
97656.250000 6.797989040868e-01 1.571865437469e+04 9.999879918824e-01 1.200620324295e-05 1.914251382803e-09 1.464913110186e+05
97771.139706 5.290273565661e-01 1.641526681065e+04 9.999880104663e-01 1.198665665360e-05 2.876859801599e-09 1.357698427333e+05
97886.029412 3.831889227902e-01 1.674858277189e+04 9.999880280547e-01 1.196852269517e-05 3.422392687513e-09 1.060347493142e+05
98000.919118 3.034168865458e-01 1.730530540229e+04 9.999880307320e-01 1.196611811906e-05 3.149738502301e-09 8.718287715775e+04
98115.808824 3.277136282599e-01 1.765276423854e+04 9.999880471713e-01 1.195012614862e-05 2.702415888724e-09 7.364233298830e+04
98230.698529 4.532251354708e-01 1.749479694675e+04 9.999881125838e-01 1.188509784983e-05 2.318215074056e-09 5.096513526327e+04
98345.588235 6.313925420890e-01 1.671076259495e+04 9.999882064974e-01 1.179174064662e-05 1.761909194500e-09 3.381647863992e+04
98460.477941 7.891924632433e-01 1.275053998954e+04 9.999882730152e-01 1.172570362819e-05 1.281070915171e-09 2.996260477034e+04
98575.367647 9.020578584296e-01 6.641757833169e+03 9.999883132331e-01 1.168577117449e-05 9.956961019631e-10 3.831363871155e+04
98690.257353 9.676589172454e-01 2.339675357057e+03 9.999883553144e-01 1.164389573442e-05 7.898785755393e-10 5.477679121842e+04
98805.147059 9.921505899691e-01 5.781986279611e+02 9.999884008240e-01 1.159861086882e-05 5.651622354161e-10 7.013179981972e+04
98920.036765 9.980940858512e-01 1.371639551427e+02 9.999884485455e-01 1.155108342941e-05 3.711137590346e-10 6.646744057071e+04
99034.926471 9.989798086392e-01 7.214042876957e+01 9.999884980009e-01 1.150165418428e-05 3.448942142277e-10 7.430369277621e+04
99149.816176 9.982019748164e-01 1.288717449283e+02 9.999885495809e-01 1.144999002850e-05 4.290861480833e-10 9.194528698617e+04
99264.705882 9.968962839354e-01 2.240863610464e+02 9.999885997641e-01 1.139980464750e-05 4.312458349265e-10 1.030870285535e+04
99379.595588 9.966503569494e-01 2.434862005709e+02 9.999886463222e-01 1.135327719566e-05 4.006268939808e-10 2.565655358098e+02
99494.485294 9.972655943156e-01 1.986274002201e+02 9.999886917127e-01 1.130790593513e-05 3.813715127616e-10 2.097251214478e+02
99609.375000 9.978569898379e-01 1.548521578077e+02 9.999887370739e-01 1.126257698911e-05 3.490859754225e-10 1.792819317706e+02
99724.264706 9.981427337335e-01 1.319017870339e+02 9.999887809144e-01 1.121879164094e-05 2.940104754928e-10 1.470358038449e+02
99839.154412 9.983405013927e-01 1.194799108072e+02 9.999888213264e-01 1.117844805871e-05 2.255261655803e-10 1.385886003496e+02
99954.044118 9.986086031773e-01 9.975168624269e+01 9.999888586528e-01 1.114115654695e-05 1.906693763662e-10 1.563332268852e+02
100068.933824 9.989950801280e-01 7.101797144398e+01 9.999888952200e-01 1.110459491077e-05 1.850544905550e-10 1.928504144429e+02
100183.823529 9.992911968892e-01 4.581622993723e+01 9.999889330715e-01 1.106672697852e-05 2.014976750989e-10 2.550865851686e+02
100298.713235 9.994901582007e-01 3.429354214264e+01 9.999889728734e-01 1.102692549859e-05 2.011609891708e-10 8.673690724117e+02
100413.602941 9.994744241309e-01 3.590449537740e+01 9.999890137414e-01 1.098605524775e-05 2.033256042744e-10 6.433015917220e+05
100528.492647 9.994232849674e-01 4.075829033476e+01 9.999890545537e-01 1.094524417714e-05 2.021446719169e-10 2.937686150191e+04
100643.382353 9.994670362758e-01 3.601134032659e+01 9.999890957790e-01 1.090400366414e-05 2.173394754419e-10 3.189029773340e+02
100758.272059 9.996024593594e-01 2.493955011207e+01 9.999891390351e-01 1.086072355154e-05 2.413472822791e-10 1.897690835616e+02
100873.161765 9.997223851348e-01 1.807030081259e+01 9.999891837359e-01 1.081604666789e-05 2.174094373664e-10 1.443221660497e+02
100988.051471 9.997976074804e-01 1.448008294632e+01 9.999892265327e-01 1.077329969095e-05 1.675873515799e-10 1.216764553576e+02
101102.941176 9.997976088412e-01 1.127045830750e+01 9.999892656900e-01 1.073414288330e-05 1.670846183015e-10 1.143091424850e+02
101217.830882 9.997976100587e-01 7.956408291586e+00 9.999893022124e-01 1.069758216084e-05 2.054466350787e-10 1.213117160218e+02
101332.720588 9.997976108188e-01 5.746717317607e+00 9.999893389267e-01 1.066067752088e-05 3.957555824261e-10 1.386491078759e+02
101447.610294 9.997976099950e-01 4.970338230883e+00 9.999893805623e-01 1.061848374663e-05 9.540067624257e-10 1.527299959957e+02
101562.500000 9.997976099688e-01 4.801416646236e+00 9.999894281349e-01 1.057057445004e-05 1.290700875681e-09 1.751920472108e+02
101677.389706 9.997976119222e-01 4.758848074677e+00 9.999894763487e-01 1.052244746401e-05 1.203813710701e-09 2.604875391915e+02
101792.279412 9.997976124064e-01 4.744058177871e+00 9.999895262224e-01 1.047221577215e-05 1.561793449673e-09 7.891768088989e+02
101907.169118 9.997976120926e-01 4.728119467365e+00 9.999895860834e-01 1.041168044351e-05 2.236171093634e-09 6.176150884935e+05
102022.058824 9.997976148913e-01 4.701735898882e+00 9.999896524349e-01 1.034543570048e-05 2.129398413113e-09 6.243838368584e+06
102136.948529 9.997976188149e-01 4.685735923508e+00 9.999897136366e-01 1.028466862109e-05 1.694813537553e-09 6.369329265436e+03
102251.838235 9.997976229066e-01 4.729555627855e+00 9.999897664759e-01 1.023232054577e-05 1.203533841185e-09 1.150804300840e+03
102366.727941 9.997976273006e-01 5.075318402698e+00 9.999898109108e-01 1.018849178286e-05 5.974583123889e-10 6.806293837450e+02
102481.617647 9.997884508034e-01 6.436080133661e+00 9.999898482383e-01 1.015148866983e-05 2.730414494405e-10 6.478535274464e+02
102596.507353 9.997424375810e-01 9.922436825938e+00 9.999898820083e-01 1.011781270189e-05 1.789883432801e-10 6.339813409472e+02
102711.397059 9.996622111654e-01 1.623510416965e+01 9.999899149912e-01 1.008484705402e-05 1.617362147231e-10 4.600012197469e+02
102826.286765 9.995416922234e-01 2.570746478004e+01 9.999899490976e-01 1.005072204517e-05 1.804129471675e-10 3.357775856145e+02
102941.176471 9.993081634676e-01 4.394635803813e+01 9.999899854784e-01 1.001430473394e-05 2.168904652664e-10 2.986953211574e+02
103056.066176 9.986968625594e-01 9.169838043148e+01 9.999900243345e-01 9.975384249965e-06 2.812709114669e-10 6.718490368717e+02
103170.955882 9.969316240973e-01 2.292875333360e+02 9.999900651985e-01 9.934411480062e-06 3.900306449334e-10 7.181582270252e+05
103285.845588 9.921846365930e-01 5.978384355426e+02 9.999901074819e-01 9.891947922804e-06 5.702078641393e-10 3.171577276713e+02
103400.735294 9.805828231347e-01 1.483730534784e+03 9.999901515230e-01 9.847597649281e-06 8.793272267382e-10 1.418203581157e+02
103515.625000 9.486913252182e-01 3.817626919932e+03 9.999901966385e-01 9.802106854070e-06 1.254639635157e-09 1.118821756774e+02
103630.514706 8.635053745083e-01 9.403227629442e+03 9.999902399205e-01 9.758530022189e-06 1.549420462170e-09 1.149375002984e+02
103745.404412 7.253967907928e-01 1.640168473943e+04 9.999902516558e-01 9.746363125685e-06 1.980989017084e-09 1.420736192448e+02
103860.294118 5.554720508281e-01 2.040337129323e+04 9.999884521005e-01 1.154471857302e-05 3.180742829507e-09 2.029407308801e+02
103975.183824 3.996609945960e-01 2.151804639406e+04 9.999845663876e-01 1.542771399800e-05 5.898140564446e-09 9.655715396148e+03
104090.073529 3.152280414623e-01 2.101373515645e+04 9.999842106115e-01 1.578027755222e-05 9.110571348312e-09 2.653788795083e+05
104204.963235 1.783481688813e-01 2.125326620317e+04 9.999810367750e-01 1.894807962320e-05 1.514468391369e-08 3.738510565269e+05
104319.852941 3.173362526234e-02 2.325961088631e+04 9.999662284509e-01 3.374777520064e-05 2.377280873813e-08 2.255039439636e+05
104434.742647 3.633365244213e-03 2.431745343986e+04 9.999578247594e-01 4.215191725976e-05 2.332237671006e-08 1.430117479719e+05
104549.632353 8.448670914053e-04 2.436213187921e+04 9.999586006979e-01 4.137735688809e-05 2.194423020574e-08 1.057121768247e+05
104664.522059 3.956296087083e-04 2.468148517474e+04 9.999578295185e-01 4.215109054941e-05 1.939017020453e-08 8.325637391952e+04
104779.411765 2.738265156472e-04 2.512957755449e+04 9.999568359796e-01 4.314772688376e-05 1.629290615146e-08 8.110885297809e+04
104894.301471 2.966280890843e-04 2.440924640521e+04 9.999645597472e-01 3.542528099605e-05 1.497122033661e-08 5.992827950739e+04
105009.191176 4.653885492155e-04 2.265386857020e+04 9.999757582450e-01 2.422588283985e-05 1.587141176929e-08 2.053560886768e+04
105124.080882 5.801159621626e-04 2.169350731212e+04 9.999807226705e-01 1.926178237585e-05 1.554637031995e-08 2.960640258560e+03
105238.970588 4.015681258774e-04 2.249994881720e+04 9.999790544536e-01 2.093374300084e-05 1.180280928178e-08 3.702044420221e+02
105353.860294 2.523555037861e-04 2.396656017688e+04 9.999732286298e-01 2.676171432151e-05 9.655416970524e-09 1.023210351797e+02
105468.750000 2.513155659019e-04 2.401029340531e+04 9.999727637800e-01 2.722635936236e-05 9.860212234371e-09 5.023167111276e+01
105583.639706 2.835846820493e-04 2.366462853811e+04 9.999740218572e-01 2.596753346411e-05 1.060886707069e-08 4.293573982713e+01
105698.529412 3.192111974451e-04 2.336915223649e+04 9.999750195998e-01 2.496903135150e-05 1.136829880750e-08 7.332595129183e+01
105813.419118 3.220902893306e-04 2.340747829926e+04 9.999748715316e-01 2.511715588375e-05 1.131202545113e-08 1.241740728152e+02
105928.308824 2.911093241052e-04 2.380930445534e+04 9.999735124053e-01 2.647726235130e-05 1.033188851927e-08 1.222851431021e+02
106043.198529 2.668897462718e-04 2.428340719391e+04 9.999717361279e-01 2.825446964711e-05 9.402019832945e-09 6.311364359436e+01
106158.088235 3.203341935627e-04 2.437377396860e+04 9.999713692620e-01 2.862147505874e-05 9.262550944191e-09 3.663563505930e+01
106272.977941 7.493455366952e-04 2.410631882251e+04 9.999721452350e-01 2.784476771466e-05 9.996841236478e-09 3.728578440302e+01
106387.867647 4.769408021636e-03 2.383812663268e+04 9.999724288299e-01 2.755991776757e-05 1.125185998748e-08 4.392758306181e+01
106502.757353 4.515870358033e-02 2.315720186513e+04 9.999761186402e-01 2.387036404271e-05 1.099526833928e-08 4.952129448819e+01
106617.647059 3.026513924159e-01 2.043610206237e+04 9.999876335491e-01 1.236009833742e-05 6.352266880062e-09 4.794254830295e+01
106732.536765 6.981720986509e-01 1.666133837687e+04 9.999910297336e-01 8.967114941134e-06 3.151246718887e-09 4.003456776175e+01
106847.426471 8.915500004699e-01 7.622201217310e+03 9.999911470139e-01 8.850668021463e-06 2.317986471461e-09 3.452974451854e+01
106962.316176 9.602033595844e-01 2.977538155996e+03 9.999911958738e-01 8.802660033750e-06 1.466216459948e-09 4.101743469203e+01
107077.205882 9.832186780423e-01 1.279512829062e+03 9.999912442064e-01 8.754746482462e-06 1.047161942592e-09 9.670727780599e+01
107192.095588 9.843319782263e-01 1.195725644283e+03 9.999912936123e-01 8.705262875887e-06 1.124878142555e-09 5.594542281870e+02
107306.985294 9.820347401562e-01 1.367917067545e+03 9.999913518105e-01 8.646418895128e-06 1.770591209805e-09 4.666619205566e+03
107421.875000 9.754646756348e-01 1.858914821410e+03 9.999914360764e-01 8.560356097910e-06 3.567489181528e-09 3.781037251829e+04
107536.764706 8.652651871603e-01 9.255775139453e+03 9.999915480532e-01 8.443865442777e-06 8.080933069308e-09 1.538230331813e+05
107651.654412 1.823071242306e-01 1.770336025080e+04 9.999902857653e-01 9.694396753945e-06 1.983686825477e-08 3.816753035374e+05
107766.544118 8.920967224594e-04 2.148867810414e+04 9.999788091924e-01 2.116544965700e-05 2.535670023833e-08 6.828482685501e+05
107881.433824 3.917388082670e-04 2.267273391675e+04 9.999739179717e-01 2.606183007704e-05 2.019727018634e-08 1.083344881880e+06
107996.323529 3.430618085026e-04 2.261754523254e+04 9.999755551786e-01 2.442701080522e-05 1.780976291904e-08 1.203757052185e+06
108111.213235 2.436359558222e-04 2.329527037946e+04 9.999737212749e-01 2.626446791779e-05 1.425656498854e-08 1.613018279049e+06
108226.102941 1.417407336979e-04 2.499588733911e+04 9.999644155503e-01 3.557278714049e-05 1.166206437525e-08 3.019928856154e+06
108340.992647 1.030789503191e-04 2.621003095849e+04 9.999548750916e-01 4.511381937687e-05 1.108869196039e-08 8.392670873877e+05
108455.882353 9.566789010151e-05 2.638925303118e+04 9.999536776692e-01 4.631150068396e-05 1.082980356646e-08 2.875941420685e+04
108570.772059 1.117082942457e-04 2.528135429005e+04 9.999650825287e-01 3.490776517611e-05 9.705750222916e-09 2.873379445335e+02
108685.661765 1.558540894140e-04 2.360780439156e+04 9.999762399470e-01 2.375070717668e-05 9.345376616688e-09 1.009809390530e+02
108800.551471 1.913498937219e-04 2.267478730020e+04 9.999806136536e-01 1.937683335075e-05 9.512596481849e-09 5.514745523954e+01
108915.441176 1.722763878099e-04 2.252617519812e+04 9.999824787986e-01 1.751331925413e-05 7.881756679834e-09 2.613029750461e+01
109030.330882 1.457629332795e-04 2.217274214757e+04 9.999854525315e-01 1.454185173985e-05 5.616447580497e-09 1.627862290961e+01
109145.220588 1.529649693412e-04 2.108880572036e+04 9.999886328420e-01 1.136250218127e-05 4.655604667096e-09 1.381332751730e+01
109260.110294 1.727477010739e-04 2.028566538337e+04 9.999898662688e-01 1.012897366847e-05 4.757308088314e-09 1.604862009841e+01
109375.000000 1.575107612640e-04 2.060964367200e+04 9.999894895417e-01 1.050585569603e-05 4.602369209541e-09 2.456671769424e+01
109489.889706 1.198933984953e-04 2.129393567144e+04 9.999888373407e-01 1.115885113768e-05 3.807977950932e-09 3.362808749156e+01
109604.779412 1.013910562774e-04 2.118276111290e+04 9.999895163705e-01 1.048055434949e-05 3.074971732051e-09 3.051273591677e+01
109719.669118 1.231251792903e-04 1.948512161556e+04 9.999912276899e-01 8.769157258784e-06 3.152723051290e-09 2.438069035328e+01
109834.558824 1.848732380167e-04 1.799381131092e+04 9.999917694988e-01 8.226000094089e-06 4.500850316287e-09 2.584946941764e+01
109949.448529 2.268780935760e-04 1.748423025315e+04 9.999918812190e-01 8.113233574777e-06 5.547102881719e-09 2.902952189851e+01
110064.338235 2.075175453418e-04 1.733329905737e+04 9.999919613004e-01 8.033582592752e-06 5.116731993307e-09 2.277316557742e+01
110179.227941 1.874123896651e-04 1.682274545674e+04 9.999920867290e-01 7.908645599694e-06 4.625111129112e-09 1.446259310429e+01
110294.117647 1.965246775212e-04 1.640900447201e+04 9.999921490198e-01 7.846084269420e-06 4.895715260262e-09 1.305783853494e+01
110409.007353 2.218887694097e-04 1.653064541612e+04 9.999921489016e-01 7.845463531815e-06 5.634583775082e-09 2.189930345980e+01
110523.897059 2.527599888225e-04 1.655652657989e+04 9.999921551617e-01 7.838308609175e-06 6.529293978006e-09 3.834380433765e+01
110638.786765 2.414105430260e-04 1.599603811911e+04 9.999922428628e-01 7.750883262005e-06 6.253601223337e-09 4.456903843985e+01
110753.676471 2.195893074665e-04 1.534498755689e+04 9.999923054207e-01 7.688866946667e-06 5.712022732286e-09 3.743020568214e+01
110868.566176 3.130697317266e-04 1.548539778962e+04 9.999923142496e-01 7.677488815440e-06 8.261113813878e-09 3.500054414245e+01
110983.455882 3.749309191429e-04 1.579900992672e+04 9.999923096331e-01 7.680318945561e-06 1.004738137203e-08 4.168280164179e+01
111098.345588 2.446845533609e-04 1.572369036368e+04 9.999923699983e-01 7.623419177038e-06 6.582181222494e-09 5.395855452649e+01
111213.235294 1.608818518082e-04 1.589474253798e+04 9.999924027538e-01 7.592891311624e-06 4.354682677241e-09 5.743722991065e+01
111328.125000 1.234724526524e-04 1.583683264736e+04 9.999924353927e-01 7.561253051248e-06 3.354057267318e-09 5.252290551714e+01
111443.014706 1.043637799531e-04 1.555926020300e+04 9.999924670748e-01 7.530084283647e-06 2.840800544299e-09 9.331430735742e+01
111557.904412 1.067589769212e-04 1.503554338144e+04 9.999924953258e-01 7.501764696868e-06 2.909373664544e-09 1.412037662284e+02
111672.794118 1.173577948673e-04 1.413391961209e+04 9.999925216666e-01 7.475138442471e-06 3.194771792781e-09 7.371353211503e+01
111787.683824 1.412198017874e-04 1.394006416990e+04 9.999925427488e-01 7.453400481789e-06 3.850501310564e-09 2.790692767386e+01
111902.573529 2.682353939175e-04 1.489240433976e+04 9.999925512945e-01 7.441330388875e-06 7.374701194843e-09 1.486861053152e+01
112017.463235 4.532031253443e-04 1.623173919547e+04 9.999924286322e-01 7.558574863685e-06 1.279226850465e-08 1.105445026451e+01
112132.352941 2.880056386673e-04 1.604207153602e+04 9.999925450847e-01 7.446889726198e-06 8.025177950898e-09 1.162477463064e+01
112247.242647 1.551191023475e-04 1.551285839178e+04 9.999926329145e-01 7.362817631400e-06 4.267616523038e-09 1.457084761549e+01
112362.132353 1.676001167884e-04 1.566519732525e+04 9.999926473629e-01 7.348020514564e-06 4.616363390253e-09 3.263647572666e+01
112477.022059 1.521534818562e-04 1.574699750841e+04 9.999926690766e-01 7.326735952248e-06 4.187266052833e-09 1.392055124981e+02
112591.911765 1.208414361149e-04 1.563277897793e+04 9.999926999794e-01 7.296708590405e-06 3.311850148746e-09 1.717739738087e+02
112706.801471 1.039404422860e-04 1.551611257267e+04 9.999927254253e-01 7.271735938992e-06 2.838654394967e-09 5.912478040426e+01
112821.691176 9.798994922505e-05 1.534590408394e+04 9.999927485736e-01 7.248756556418e-06 2.669721648402e-09 3.162102421981e+01
112936.580882 1.084198238442e-04 1.502116013794e+04 9.999927713133e-01 7.225741212983e-06 2.945316637507e-09 2.594214843085e+01
113051.470588 1.490675695512e-04 1.490595865299e+04 9.999927900569e-01 7.205894252971e-06 4.048651550164e-09 1.688741402464e+01
113166.360294 1.762793040209e-04 1.503705614347e+04 9.999928072385e-01 7.187972432290e-06 4.788767926744e-09 1.172301795568e+01
113281.250000 1.574924788040e-04 1.517881604744e+04 9.999928275223e-01 7.168202597646e-06 4.274832777644e-09 9.729941498682e+00
113396.139706 1.229072649044e-04 1.519888928581e+04 9.999928510429e-01 7.145629330837e-06 3.327559057094e-09 1.033512984206e+01
113511.029412 1.019184016786e-04 1.512545113008e+04 9.999928733874e-01 7.123859668108e-06 2.752814148644e-09 1.578260448148e+01
113625.919118 1.066251669524e-04 1.494285121834e+04 9.999928939842e-01 7.103138265655e-06 2.877406349728e-09 2.356037624035e+01
113740.808824 1.325773574585e-04 1.483474995599e+04 9.999929128701e-01 7.083550386712e-06 3.579280209092e-09 2.576870551533e+01
113855.698529 1.604305316511e-04 1.513218310067e+04 9.999929262881e-01 7.069369090115e-06 4.342566508973e-09 2.007639112164e+01
113970.588235 1.623603763984e-04 1.568295098460e+04 9.999929303716e-01 7.065211796684e-06 4.416323688805e-09 1.328109727733e+01
114085.477941 1.401627007688e-04 1.611970076022e+04 9.999929354381e-01 7.060733586850e-06 3.828090473228e-09 1.022790918730e+01
114200.367647 1.137965611827e-04 1.639425115740e+04 9.999929491900e-01 7.047694523048e-06 3.115273502234e-09 1.179846697409e+01
114315.257353 9.536033200826e-05 1.649507953484e+04 9.999929710084e-01 7.026380502546e-06 2.610995442013e-09 1.801137849406e+01
114430.147059 9.160850377140e-05 1.634678566476e+04 9.999929987230e-01 6.998769115607e-06 2.507758406272e-09 2.608672131708e+01
114545.036765 9.800671759699e-05 1.585481480257e+04 9.999930336399e-01 6.963681645474e-06 2.678290700061e-09 2.779182969911e+01
114659.926471 9.425828579272e-05 1.574703340692e+04 9.999930555868e-01 6.941833207325e-06 2.579901947759e-09 2.220086056322e+01
114774.816176 7.920950262227e-05 1.604167865936e+04 9.999930687856e-01 6.929038824572e-06 2.175499423576e-09 1.526148054534e+01
114889.705882 6.839890537179e-05 1.625723605106e+04 9.999930828022e-01 6.915312349069e-06 1.885339907782e-09 1.061183852404e+01
115004.595588 6.440426789803e-05 1.634900379358e+04 9.999930980463e-01 6.900173468132e-06 1.780164964497e-09 8.992052763631e+00
115119.485294 6.549657742506e-05 1.624619711847e+04 9.999931174469e-01 6.880737282951e-06 1.815696439993e-09 9.341954192833e+00
115234.375000 7.228585633505e-05 1.598363171467e+04 9.999931393091e-01 6.858681479755e-06 2.009295810199e-09 9.032775785408e+00
115349.264706 8.424824053175e-05 1.557905508626e+04 9.999931628680e-01 6.834784727757e-06 2.347175221311e-09 7.357811333034e+00
115464.154412 9.469749151953e-05 1.488735349217e+04 9.999931890862e-01 6.808275660090e-06 2.637970520947e-09 5.543640743933e+00
115579.044118 9.945094205452e-05 1.432731451649e+04 9.999932105570e-01 6.786671117559e-06 2.771738415520e-09 4.630828396508e+00
115693.933824 1.099127335049e-04 1.443137670451e+04 9.999932274953e-01 6.769428900016e-06 3.075591522735e-09 4.447619964217e+00
115808.823529 1.391067396492e-04 1.506767480600e+04 9.999932370851e-01 6.758990358643e-06 3.924342501466e-09 4.796977891236e+00
115923.713235 1.535553032297e-04 1.562234982341e+04 9.999932392197e-01 6.756411550570e-06 4.368491173677e-09 5.772340892508e+00
116038.602941 1.245234616458e-04 1.581377585075e+04 9.999932576110e-01 6.738835475037e-06 3.553349427864e-09 7.371122349125e+00
116153.492647 9.424772032549e-05 1.574865779304e+04 9.999932854783e-01 6.711832695117e-06 2.688820045749e-09 8.747172781461e+00
116268.382353 8.871902057292e-05 1.556594429882e+04 9.999933084930e-01 6.688973627285e-06 2.533200681387e-09 9.233755820037e+00
116383.272059 9.782805742299e-05 1.540732892056e+04 9.999933275539e-01 6.669644899923e-06 2.801049102331e-09 1.040315918684e+01
116498.161765 1.099126726872e-04 1.520421695495e+04 9.999933475145e-01 6.649332993584e-06 3.152352817421e-09 1.516164482363e+01
116613.051471 1.173525952016e-04 1.509154896951e+04 9.999933667555e-01 6.629871570204e-06 3.372795709887e-09 2.214879542547e+01
116727.941176 1.163997484359e-04 1.507440163055e+04 9.999933853233e-01 6.611324234689e-06 3.352256918979e-09 2.265566211084e+01
116842.830882 1.092586583641e-04 1.519522822537e+04 9.999934019972e-01 6.594848986267e-06 3.153644282749e-09 1.479268676256e+01
116957.720588 1.049412152062e-04 1.556453356172e+04 9.999934122277e-01 6.584728961442e-06 3.043174076532e-09 9.424397833021e+00
117072.610294 1.087880596126e-04 1.586832612134e+04 9.999934191513e-01 6.577680315165e-06 3.168263910405e-09 9.020578459776e+00
117187.500000 1.135600535013e-04 1.611101528546e+04 9.999934242803e-01 6.572394954004e-06 3.324545669640e-09 1.109867538233e+01
117302.389706 1.109125126012e-04 1.629477510601e+04 9.999934326737e-01 6.564068931023e-06 3.257155546211e-09 1.393399717819e+01
117417.279412 9.710635690443e-05 1.637456223449e+04 9.999934523046e-01 6.544840444854e-06 2.854827205359e-09 1.588086692184e+01
117532.169118 8.183556139358e-05 1.612490618742e+04 9.999934885561e-01 6.509047168738e-06 2.396626376473e-09 1.573098531095e+01
117647.058824 7.718495759751e-05 1.585398882501e+04 9.999935154444e-01 6.482301360534e-06 2.254122720842e-09 1.397702074867e+01
117761.948529 8.592796559742e-05 1.560609336843e+04 9.999935359006e-01 6.461588034130e-06 2.511234410690e-09 1.272024087239e+01
117876.838235 9.000676268880e-05 1.595164045477e+04 9.999935411818e-01 6.456174429299e-06 2.643601246840e-09 1.311463083222e+01
117991.727941 8.497546786857e-05 1.680576052157e+04 9.999935119736e-01 6.485501781335e-06 2.524458241194e-09 1.397994338772e+01
118106.617647 8.729400084159e-05 1.751001913890e+04 9.999934404328e-01 6.556925336904e-06 2.641769940412e-09 1.388325445935e+01
118221.507353 9.581686987689e-05 1.777848067929e+04 9.999933850321e-01 6.612025484026e-06 2.942282138522e-09 1.216252781447e+01
118336.397059 1.094710862059e-04 1.754906509806e+04 9.999934231024e-01 6.573545151450e-06 3.352220202610e-09 9.418237832996e+00
118451.286765 1.277263129341e-04 1.753075918695e+04 9.999934089144e-01 6.587149628750e-06 3.935728221933e-09 7.434619691609e+00
118566.176471 1.339581398141e-04 1.789908677500e+04 9.999932996092e-01 6.696169726386e-06 4.220803618361e-09 7.398260333595e+00
118681.066176 1.368873251863e-04 1.825019464128e+04 9.999931563696e-01 6.839203787376e-06 4.426362532465e-09 9.345241006919e+00
118795.955882 1.487822805999e-04 1.866595970580e+04 9.999928553452e-01 7.139601260177e-06 5.053287689059e-09 1.036073676920e+01
118910.845588 1.358425877349e-04 1.890448264796e+04 9.999927646660e-01 7.230648228527e-06 4.685483122871e-09 9.720916622944e+00
119025.735294 1.206800016161e-04 1.863121492434e+04 9.999930770120e-01 6.919011677110e-06 3.976112010956e-09 1.040558703060e+01
119140.625000 1.341745717809e-04 1.818454199218e+04 9.999932730012e-01 6.722712345851e-06 4.286197315993e-09 1.245082266383e+01
119255.514706 1.784737939820e-04 1.794106938860e+04 9.999932650119e-01 6.729282976407e-06 5.704834849166e-09 1.593991983781e+01
119370.404412 2.164737269247e-04 1.809853793286e+04 9.999930702136e-01 6.922656953379e-06 7.129053045676e-09 2.104421200619e+01
119485.294118 1.725416730072e-04 1.810936051088e+04 9.999932389701e-01 6.755502507321e-06 5.527101736076e-09 2.391408845406e+01
119600.183824 1.101458265318e-04 1.795355873954e+04 9.999935287758e-01 6.467866611142e-06 3.357386127495e-09 2.584116282763e+01
119715.073529 8.391860447159e-05 1.791260090273e+04 9.999936344033e-01 6.363094592144e-06 2.502010310413e-09 3.031114064741e+01
119829.963235 7.294708421061e-05 1.815752893028e+04 9.999936278812e-01 6.369948156383e-06 2.170575222999e-09 2.917747038267e+01
119944.852941 6.978580761637e-05 1.831942491693e+04 9.999936152450e-01 6.382682852767e-06 2.072025767643e-09 2.408952369671e+01
120059.742647 7.864823766580e-05 1.845613738023e+04 9.999935514792e-01 6.446167888125e-06 2.352837346644e-09 2.592103210429e+01
120174.632353 9.683935110022e-05 1.819331019049e+04 9.999935811850e-01 6.415945344682e-06 2.869499688190e-09 4.078918736590e+01
120289.522059 1.124978021828e-04 1.767924157913e+04 9.999937021491e-01 6.294601335663e-06 3.249342441812e-09 5.854272753697e+01
120404.411765 1.144552893784e-04 1.729175006671e+04 9.999937977948e-01 6.198970193365e-06 3.234788792057e-09 4.771664136592e+01
120519.301471 1.193136940231e-04 1.730305640872e+04 9.999938061858e-01 6.190461864156e-06 3.352158235365e-09 2.419356765377e+01
120634.191176 1.282180484695e-04 1.747005582179e+04 9.999937751309e-01 6.221262363033e-06 3.606542026035e-09 1.142122594197e+01
120749.080882 1.299410137687e-04 1.745746540192e+04 9.999937932542e-01 6.203116455166e-06 3.629189302566e-09 7.579662972828e+00
120863.970588 1.286858000241e-04 1.697959694721e+04 9.999939012739e-01 6.095217283794e-06 3.508663219320e-09 6.296589430188e+00
120978.860294 1.346210072744e-04 1.607796706324e+04 9.999940028820e-01 5.993533357383e-06 3.584496765510e-09 6.413295092245e+00
121093.750000 1.677486049980e-04 1.650207433201e+04 9.999939677808e-01 6.027724792722e-06 4.494179820906e-09 8.276003901179e+00
121208.639706 2.722713712245e-04 1.815443836285e+04 9.999931586129e-01 6.833011229945e-06 8.375384480229e-09 1.195640736103e+01
121323.529412 3.026745794271e-04 1.884256291684e+04 9.999921675640e-01 7.821667965588e-06 1.076748707857e-08 1.554514793301e+01
121438.419118 2.770732700866e-04 1.933987171643e+04 9.999913981247e-01 8.590951188798e-06 1.092357717006e-08 1.636725852857e+01
121553.308824 2.089486867155e-04 1.933654042384e+04 9.999920950808e-01 7.897333687634e-06 7.585093096907e-09 1.700786680792e+01
121668.198529 1.641625478077e-04 1.963078928038e+04 9.999921027763e-01 7.891228883365e-06 5.994506772467e-09 1.877583618140e+01
121783.088235 1.760135962323e-04 1.948963745400e+04 9.999922003168e-01 7.793294935718e-06 6.387947589664e-09 2.030204388870e+01
121897.977941 2.777028574346e-04 1.911290006886e+04 9.999918955887e-01 8.093844318476e-06 1.056644427708e-08 2.012309648541e+01
122012.867647 4.594988394233e-04 1.964239713928e+04 9.999882105481e-01 1.176359656855e-05 2.585393190447e-08 2.034191052892e+01
122127.757353 3.103871249716e-04 2.002761813283e+04 9.999886778950e-01 1.130510540041e-05 1.699869916461e-08 2.691416633690e+01
122242.647059 2.125773542784e-04 2.041285866806e+04 9.999891186290e-01 1.087009241754e-05 1.127803590822e-08 6.630293597135e+01
122357.536765 1.787202063852e-04 2.052773310610e+04 9.999895460394e-01 1.044479497868e-05 9.165178921377e-09 1.292517589677e+02
122472.426471 1.679166905926e-04 1.994759991559e+04 9.999914530260e-01 8.539942874376e-06 7.030717700868e-09 1.348721238735e+02
122587.316176 2.209452269814e-04 1.836331910598e+04 9.999933748731e-01 6.618008218083e-06 7.118255944383e-09 8.163766979893e+01
122702.205882 6.093646312286e-04 1.772134373055e+04 9.999929011562e-01 7.077743078855e-06 2.109955535861e-08 4.685170305477e+01
122817.095588 1.146611502996e-03 1.859946709492e+04 9.999878585612e-01 1.207169048109e-05 6.974453113781e-08 5.001353609379e+01
122931.985294 2.598204603782e-04 1.826734791731e+04 9.999933864802e-01 6.604861834527e-06 8.657494221358e-09 1.236802802178e+02
123046.875000 3.084117621886e-04 1.873041579100e+04 9.999924782060e-01 7.509841642782e-06 1.195170402550e-08 2.836821553701e+02
123161.764706 2.626914806853e-04 1.954916180089e+04 9.999909895805e-01 8.997910624450e-06 1.250826181317e-08 1.747204122698e+02
123276.654412 1.170458007094e-04 2.064067971544e+04 9.999908206978e-01 9.173511868597e-06 5.790048373149e-09 8.190319754422e+01
123391.544118 8.814306460029e-05 2.079842903416e+04 9.999913712931e-01 8.624549348902e-06 4.157318055281e-09 5.294138663940e+01
123506.433824 9.392357344328e-05 2.038501960521e+04 9.999920392020e-01 7.956663094588e-06 4.134708719175e-09 5.172693718981e+01
123621.323529 1.447338258580e-04 1.961079147392e+04 9.999924299108e-01 7.563967149160e-06 6.121745810268e-09 2.296734349279e+02
123736.213235 1.665685660717e-04 2.033129297336e+04 9.999901564174e-01 9.834236864713e-06 9.345261865479e-09 1.313455949018e+03
123851.102941 1.174609070107e-04 2.125116884763e+04 9.999884518091e-01 1.154035798506e-05 7.832513373185e-09 1.201740032833e+03
123965.992647 1.335647602800e-04 2.119798918354e+04 9.999878323674e-01 1.215818438981e-05 9.447763607992e-09 1.859885845633e+02
124080.882353 1.702129535474e-04 2.112679280178e+04 9.999863602662e-01 1.362616021559e-05 1.357294113001e-08 4.653072400210e+01
124195.772059 1.755612297235e-04 2.084864544877e+04 9.999876627689e-01 1.232459385190e-05 1.263656294679e-08 1.648644534917e+01
124310.661765 1.751674357195e-04 2.067944319617e+04 9.999885266908e-01 1.146162755845e-05 1.168106167984e-08 1.780496646530e+01
124425.551471 2.230179563299e-04 1.960329006946e+04 9.999913215460e-01 8.667350097692e-06 1.110330473787e-08 3.745545485976e+01
124540.441176 5.714673080985e-04 1.848014007868e+04 9.999914513819e-01 8.520955340896e-06 2.766130995756e-08 4.910889520843e+01
124655.330882 1.413172304068e-03 1.906697207450e+04 9.999808101102e-01 1.903467130236e-05 1.552102424863e-07 3.626209756328e+01
124770.220588 8.115007849556e-04 1.913761450957e+04 9.999864827521e-01 1.345477398697e-05 6.247065694260e-08 4.526823943906e+01
124885.110294 5.613860151583e-04 1.857230868894e+04 9.999914494515e-01 8.523752847562e-06 2.679422015112e-08 5.919401074913e+01
125000.000000 5.177902573660e-04 1.813238774981e+04 9.999928586574e-01 7.121066485595e-06 2.027499821674e-08 6.392362286051e+01
125114.889706 2.537466222846e-04 1.875599623990e+04 9.999931898723e-01 6.800722257462e-06 9.404891054375e-09 8.611173659227e+01
125229.779412 1.347070374330e-04 1.840468646860e+04 9.999943308530e-01 5.665074417861e-06 4.072377699649e-09 6.409793804267e+02
125344.669118 1.394345100588e-04 1.754982894427e+04 9.999947246964e-01 5.271436388627e-06 3.867042497564e-09 3.262345696497e+03
125459.558824 1.572168385755e-04 1.724896756198e+04 9.999947941530e-01 5.201564271022e-06 4.282468518594e-09 1.700168994729e+03
125574.448529 1.671282164779e-04 1.701457263508e+04 9.999948543949e-01 5.141127456591e-06 4.477393868078e-09 5.662499512404e+02
125689.338235 1.713277589409e-04 1.684631286092e+04 9.999949019881e-01 5.093488465774e-06 4.523235883919e-09 2.135595690454e+02
125804.227941 1.436384627766e-04 1.655371643352e+04 9.999949890314e-01 5.007263212771e-06 3.705222639941e-09 5.481952977155e+01
125919.117647 1.299833487728e-04 1.600717845603e+04 9.999950603947e-01 4.936319129825e-06 3.285953670971e-09 3.082298246915e+01
126034.007353 1.523110070879e-04 1.545705753271e+04 9.999950961096e-01 4.900080206601e-06 3.809999405596e-09 3.564604900951e+01
126148.897059 2.076095452479e-04 1.501458097294e+04 9.999951193161e-01 4.875523391340e-06 5.160252493070e-09 3.953398407547e+01
126263.786765 2.476858590153e-04 1.511000244000e+04 9.999951281741e-01 4.865664147410e-06 6.161417275283e-09 4.024808295060e+01
126378.676471 1.781631135837e-04 1.509908499689e+04 9.999951535781e-01 4.841999153910e-06 4.422505478449e-09 3.149606456691e+01
126493.566176 1.254170868479e-04 1.531499478661e+04 9.999951689328e-01 4.827949904257e-06 3.117154362853e-09 2.313047895489e+01
126608.455882 9.623537176928e-05 1.529310620333e+04 9.999951869329e-01 4.810674830695e-06 2.392132670322e-09 2.359907522745e+01
126723.345588 9.718325201621e-05 1.493348207712e+04 9.999952051215e-01 4.792464283715e-06 2.414060872329e-09 3.528711874566e+01
126838.235294 1.048337772633e-04 1.405620251899e+04 9.999952243819e-01 4.773024258204e-06 2.593667931808e-09 5.989265599570e+01
126953.125000 1.259692402262e-04 1.302597216907e+04 9.999952393786e-01 4.757522483753e-06 3.098719803328e-09 7.275411799112e+01
127068.014706 1.474713133923e-04 1.171705705551e+04 9.999952529864e-01 4.743421230179e-06 3.592161207582e-09 3.977320107465e+01
127182.904412 1.404169660829e-04 1.081631708698e+04 9.999952657592e-01 4.730861202439e-06 3.379417180410e-09 2.114994213256e+01
127297.794118 1.453627513597e-04 1.233553017631e+04 9.999952783400e-01 4.718176952177e-06 3.482859004360e-09 1.256144356884e+01
127412.683824 1.742506803369e-04 1.395527798820e+04 9.999952881255e-01 4.707716631948e-06 4.157666799196e-09 1.039274216512e+01
127527.573529 3.945578064007e-04 1.478801858293e+04 9.999952790446e-01 4.711499477735e-06 9.455362328733e-09 1.042837973682e+01
127642.463235 7.174506781332e-04 1.553987786557e+04 9.999951698449e-01 4.811445679694e-06 1.870841174443e-08 1.111093189318e+01
127757.352941 6.973092562365e-04 1.515333937701e+04 9.999952560224e-01 4.722048409176e-06 2.192799077471e-08 1.785655812599e+01
127872.242647 3.585511330152e-04 1.354725477117e+04 9.999954066919e-01 4.575827756521e-06 1.747937356523e-08 2.594338005113e+01
127987.132353 3.517167036162e-04 1.286479321827e+04 9.999954404663e-01 4.547987137009e-06 1.154591112794e-08 2.244159985917e+01
128102.022059 4.383568785764e-04 1.298916550662e+04 9.999954638569e-01 4.523815876482e-06 1.232656869432e-08 1.938844890434e+01
128216.911765 3.105969788255e-04 1.225922459920e+04 9.999954865490e-01 4.505073253438e-06 8.377234066668e-09 2.379492051245e+01
128331.801471 2.274022122790e-04 1.403377566452e+04 9.999954966706e-01 4.497211270359e-06 6.117806415894e-09 6.982551556767e+01
128446.691176 2.174667278318e-04 1.560901516189e+04 9.999954572691e-01 4.536788898328e-06 5.941630322353e-09 3.953554372557e+02
128561.580882 1.658052138020e-04 1.682322753697e+04 9.999953354643e-01 4.659844040799e-06 4.691423633907e-09 1.102782820194e+03
128676.470588 3.244330453385e-04 1.786756614186e+04 9.999943945263e-01 5.594254827827e-06 1.121826596192e-08 1.149301914313e+03
128791.360294 3.842542063891e-04 1.845184150403e+04 9.999931832887e-01 6.800366979709e-06 1.634342878879e-08 1.521365600087e+02
128906.250000 1.571327519664e-04 1.948756289026e+04 9.999931734403e-01 6.819757852405e-06 6.801449081955e-09 8.287268611874e+01
129021.139706 8.588878801245e-05 1.996097777268e+04 9.999936633265e-01 6.333200506003e-06 3.472861231511e-09 8.072388926946e+01
129136.029412 6.828248313945e-05 2.024693986866e+04 9.999936737405e-01 6.323475186911e-06 2.784180505057e-09 2.204663134280e+02
129250.919118 5.750480237980e-05 2.046847936152e+04 9.999936740460e-01 6.323583535333e-06 2.370391459956e-09 2.520225605939e+02
129365.808824 4.920558083878e-05 2.066029823867e+04 9.999936934882e-01 6.304469173353e-06 2.042571744164e-09 5.550167668267e+01
129480.698529 4.844822965133e-05 2.048459687076e+04 9.999939486236e-01 6.049426813543e-06 1.949499663195e-09 1.375766753847e+01
129595.588235 5.866658440340e-05 1.985199944539e+04 9.999943763603e-01 5.621422096890e-06 2.217463921328e-09 8.240504153938e+00
129710.477941 9.925550975203e-05 1.907871384477e+04 9.999945044679e-01 5.491820584682e-06 3.711343615700e-09 6.018089480138e+00
129825.367647 1.550629539747e-04 1.849172161589e+04 9.999945827594e-01 5.411455947054e-06 5.784315771631e-09 5.150917317148e+00
129940.257353 1.749140793863e-04 1.785764024817e+04 9.999950097226e-01 4.984223740986e-06 6.053312346061e-09 6.703613122053e+00
130055.147059 1.138654082594e-04 1.831753234751e+04 9.999950121095e-01 4.983901190591e-06 3.989071601889e-09 1.815890406521e+01
130170.036765 6.150413170926e-05 1.908299555457e+04 9.999949710048e-01 5.026798637000e-06 2.196474392238e-09 5.135636980400e+01
130284.926471 5.629738642878e-05 1.924654012227e+04 9.999949337132e-01 5.064237664467e-06 2.049008695367e-09 7.129352921245e+01
130399.816176 5.124168824439e-05 1.962513572098e+04 9.999947360554e-01 5.261982347638e-06 1.962124335313e-09 3.009148362618e+01
130514.705882 4.095265050287e-05 2.018864252066e+04 9.999944867404e-01 5.511600316846e-06 1.659184878972e-09 9.277556937172e+00
130629.595588 3.526520473047e-05 2.052163915256e+04 9.999943474367e-01 5.651083270257e-06 1.479961795780e-09 6.637483614257e+00
130744.485294 3.418183671783e-05 2.070645291361e+04 9.999941813422e-01 5.817162927925e-06 1.494799423620e-09 4.700950988849e+00
130859.375000 3.434473390945e-05 2.100950590872e+04 9.999937712260e-01 6.227147390471e-06 1.626501897092e-09 3.245094674753e+00
130974.264706 3.646007160477e-05 2.129114128622e+04 9.999931589659e-01 6.839112870595e-06 1.921177837519e-09 2.738908101098e+00
131089.154412 4.248236354745e-05 2.133262684089e+04 9.999926028460e-01 7.394700854667e-06 2.453058873101e-09 2.703517385363e+00
131204.044118 5.303560253379e-05 2.114543973746e+04 9.999922692955e-01 7.727471860921e-06 3.232522996099e-09 2.919141199509e+00
131318.933824 6.335752635192e-05 2.117735966974e+04 9.999914448590e-01 8.550814658742e-06 4.326083862328e-09 3.618548786137e+00
131433.823529 6.243333743715e-05 2.092752277984e+04 9.999921917752e-01 7.804310056169e-06 3.914539690595e-09 5.207489758005e+00
131548.713235 5.971166988682e-05 2.013251673676e+04 9.999939098421e-01 6.087241396426e-06 2.916341998062e-09 7.955834886922e+00
131663.602941 6.566440792392e-05 1.931997821303e+04 9.999947437479e-01 5.253482405794e-06 2.769512608169e-09 1.038866945360e+01
131778.492647 7.490188831654e-05 1.887504115321e+04 9.999949943733e-01 5.002602860643e-06 3.023712543327e-09 1.016932532906e+01
131893.382353 8.210782989161e-05 1.869733949114e+04 9.999950545442e-01 4.942158060161e-06 3.297600446188e-09 9.864565472191e+00
132008.272059 8.860935707612e-05 1.864137516628e+04 9.999950383408e-01 4.958064542386e-06 3.594416345456e-09 1.180224843444e+01
132123.161765 8.861860933359e-05 1.891641661194e+04 9.999948064114e-01 5.189791352278e-06 3.797023290598e-09 1.476989948763e+01
132238.051471 7.282337965675e-05 1.954809557338e+04 9.999943692635e-01 5.627321888553e-06 3.414409435533e-09 1.742355897842e+01
132352.941176 6.680615645382e-05 1.983863286472e+04 9.999941230057e-01 5.873699734996e-06 3.294441150376e-09 1.944207227703e+01
132467.830882 7.831205705652e-05 1.990335413376e+04 9.999936956445e-01 6.300178282513e-06 4.176999357295e-09 1.825722631834e+01
132582.720588 8.746894148642e-05 2.021327965062e+04 9.999927402639e-01 7.254311335563e-06 5.424452399581e-09 1.318254076092e+01
132697.610294 8.011500150710e-05 2.095750588269e+04 9.999908307438e-01 9.162909216295e-06 6.346712824055e-09 1.205393541948e+01
132812.500000 7.839462965814e-05 2.144448237208e+04 9.999888748442e-01 1.111755205284e-05 7.603398695087e-09 1.603033825441e+01
132927.389706 9.646444604402e-05 2.159951619064e+04 9.999862198737e-01 1.376844349857e-05 1.168222487918e-08 1.974789998845e+01
133042.279412 7.572257066002e-05 2.303559345578e+04 9.999768001879e-01 2.318417306128e-05 1.563831701263e-08 1.840506604904e+01
133157.169118 4.380487575261e-05 2.469065284565e+04 9.999679840934e-01 3.200335028523e-05 1.255583630661e-08 1.944710265619e+01
133272.058824 4.881667866893e-05 2.423616076978e+04 9.999713880484e-01 2.859940460417e-05 1.254647495537e-08 2.589625983757e+01
133386.948529 6.235222607787e-05 2.377009851668e+04 9.999715843225e-01 2.839970319790e-05 1.597353442851e-08 1.786883462449e+01
133501.838235 5.507493019587e-05 2.439202008917e+04 9.999655635961e-01 3.441921758319e-05 1.718558023558e-08 7.994967150089e+00
133616.727941 4.396644963291e-05 2.517661028600e+04 9.999593711120e-01 4.061262280254e-05 1.626458645285e-08 8.080832830802e+00
133731.617647 3.872379514482e-05 2.573249586855e+04 9.999534968657e-01 4.648669709194e-05 1.643658530185e-08 1.141775342238e+01
133846.507353 3.277830984543e-05 2.630637805809e+04 9.999487512995e-01 5.123333593205e-05 1.536407682750e-08 9.742261914749e+00
133961.397059 2.925915948081e-05 2.664722981242e+04 9.999465968440e-01 5.338882296264e-05 1.433262613049e-08 6.660304405284e+00
134076.286765 2.855568982676e-05 2.680295921748e+04 9.999441473916e-01 5.583793489067e-05 1.467303911766e-08 4.986639021891e+00
134191.176471 2.808668311360e-05 2.690982569650e+04 9.999424172780e-01 5.756781284069e-05 1.490870912872e-08 3.719597180403e+00
134306.066176 2.699133348904e-05 2.702475461373e+04 9.999418520445e-01 5.813348954990e-05 1.446552224793e-08 2.897943940719e+00
134420.955882 2.613295726971e-05 2.698129280583e+04 9.999444322906e-01 5.555428441755e-05 1.342462199797e-08 2.589640149054e+00
134535.845588 3.036104647023e-05 2.625538267583e+04 9.999528156169e-01 4.717112423630e-05 1.325840288900e-08 2.510560891313e+00
134650.735294 5.086828619699e-05 2.451232589141e+04 9.999654789498e-01 3.450479278544e-05 1.625669539201e-08 2.428138796345e+00
134765.625000 8.733349020642e-05 2.336112739955e+04 9.999682327098e-01 3.174155763643e-05 2.573137773661e-08 2.278227902253e+00
134880.514706 8.363203986433e-05 2.435846758183e+04 9.999492976067e-01 5.066280189630e-05 3.958963424952e-08 2.297624721763e+00
134995.404412 5.061288465827e-05 2.614788180356e+04 9.999265417336e-01 7.342342960353e-05 3.483559300262e-08 3.266533299652e+00
135110.294118 5.781595729772e-05 2.542671752760e+04 9.999400125690e-01 5.995498316085e-05 3.244654268661e-08 7.863947079125e+00
135225.183824 9.885250405726e-05 2.273575924260e+04 9.999743538770e-01 2.562256851872e-05 2.355334285034e-08 1.944086515975e+01
135340.073529 1.099192171504e-04 2.146880774274e+04 9.999855130553e-01 1.447225285845e-05 1.469110510305e-08 2.235735410379e+01
135454.963235 1.000507000908e-04 2.191802380649e+04 9.999830509092e-01 1.693338575923e-05 1.570431663039e-08 1.404639227892e+01
135569.852941 9.980552858526e-05 2.238842176052e+04 9.999784166382e-01 2.156332427051e-05 2.003660607660e-08 1.234910327940e+01
135684.742647 9.956241779147e-05 2.273024465595e+04 9.999742294955e-01 2.574656386514e-05 2.393946209749e-08 2.635566704016e+01
135799.632353 9.579645237873e-05 2.314158011905e+04 9.999690929256e-01 3.087937981274e-05 2.769324776257e-08 3.554853451530e+01
135914.522059 9.007785618067e-05 2.351468065428e+04 9.999644802750e-01 3.548972612157e-05 2.999749200213e-08 3.192970281838e+01
136029.411765 7.716309131743e-05 2.402962094125e+04 9.999598820110e-01 4.008890862287e-05 2.907908393051e-08 2.921884598685e+01
136144.301471 6.675576918964e-05 2.437810658367e+04 9.999582595310e-01 4.171428624416e-05 2.618166644047e-08 2.773448790505e+01
136259.191176 6.534286829432e-05 2.465031852394e+04 9.999532625505e-01 4.670871666292e-05 2.873156912316e-08 2.710996204889e+01
136374.080882 6.979797947473e-05 2.471917554001e+04 9.999485729594e-01 5.139321242361e-05 3.382674359020e-08 2.551050571177e+01
136488.970588 7.261394726395e-05 2.468242907404e+04 9.999475360319e-01 5.242802052853e-05 3.594604182149e-08 2.230071629938e+01
136603.860294 6.424539625159e-05 2.484894783520e+04 9.999493219005e-01 5.064740172201e-05 3.069653016869e-08 1.742412359141e+01
136718.750000 5.110506975124e-05 2.511839621427e+04 9.999535089088e-01 4.646871858098e-05 2.237169458030e-08 1.425518192359e+01
136833.639706 4.649257438142e-05 2.505329737233e+04 9.999586546247e-01 4.132727592425e-05 1.809865624656e-08 1.416494364623e+01
136948.529412 5.494863676646e-05 2.439852672547e+04 9.999646910726e-01 3.529067966875e-05 1.824698299029e-08 1.599015540845e+01
137063.419118 6.340203442402e-05 2.410559798559e+04 9.999651161732e-01 3.486299343364e-05 2.083243171119e-08 1.693400877557e+01
137178.308824 5.964330616319e-05 2.435334462675e+04 9.999627601461e-01 3.721892495822e-05 2.092798835387e-08 1.390520433443e+01
137293.198529 6.105739020491e-05 2.398869749799e+04 9.999681850297e-01 3.179668918964e-05 1.828032874370e-08 9.453387407157e+00
137408.088235 8.094573060127e-05 2.306757501594e+04 9.999743222220e-01 2.565823814714e-05 1.953894718568e-08 7.456711929707e+00
137522.977941 1.164078839161e-04 2.224120693689e+04 9.999773032658e-01 2.267192042230e-05 2.481258390772e-08 8.882555895268e+00
137637.867647 1.403367177255e-04 2.237486698633e+04 9.999712814352e-01 2.868059090675e-05 3.797203762101e-08 1.147929560788e+01
137752.757353 9.688280272776e-05 2.375708499660e+04 9.999568036222e-01 4.315671894675e-05 3.965706278749e-08 1.181490791610e+01
137867.647059 6.182430825452e-05 2.504242511155e+04 9.999461072786e-01 5.386105448025e-05 3.166563264503e-08 1.170897683530e+01
137982.536765 5.783473189525e-05 2.512832454802e+04 9.999473254546e-01 5.264561939644e-05 2.892481570925e-08 1.668742567014e+01
138097.426471 6.527232531559e-05 2.468674970904e+04 9.999522347467e-01 4.773563960770e-05 2.961238827987e-08 3.250727288405e+01
138212.316176 6.723208502526e-05 2.449827205791e+04 9.999551943510e-01 4.477702451218e-05 2.862327383231e-08 5.406700408669e+01
138327.205882 6.238001010179e-05 2.469288232570e+04 9.999540505984e-01 4.592215597056e-05 2.724448634938e-08 4.612870262368e+01
138442.095588 6.628640344661e-05 2.484868839679e+04 9.999475304208e-01 5.243646868298e-05 3.310915726806e-08 2.130627932344e+01
138556.985294 7.284977414908e-05 2.499055789638e+04 9.999384824580e-01 6.147477526580e-05 4.276501920880e-08 1.174070389944e+01
138671.875000 6.628219375194e-05 2.510360836101e+04 9.999405741737e-01 5.938821154437e-05 3.761319180076e-08 1.178750251137e+01
138786.764706 5.737167404542e-05 2.495686991871e+04 9.999517182067e-01 4.825541238447e-05 2.637981358438e-08 1.400730249194e+01
138901.654412 5.330617534955e-05 2.488901198347e+04 9.999563634033e-01 4.361446204907e-05 2.213376030384e-08 1.447069118655e+01
139016.544118 4.634077599307e-05 2.517767897599e+04 9.999561353127e-01 4.384535473785e-05 1.933177618690e-08 1.371089893901e+01
139131.433824 4.242864043090e-05 2.522965925185e+04 9.999586327446e-01 4.135058425048e-05 1.667045634595e-08 1.523416742063e+01
139246.323529 4.712797470380e-05 2.477647141329e+04 9.999631125938e-01 3.687089291527e-05 1.651260258362e-08 1.691251773453e+01
139361.213235 5.604906753102e-05 2.454312839180e+04 9.999613215289e-01 3.865786204960e-05 2.060818779292e-08 1.456115861238e+01
139476.102941 5.815797252041e-05 2.474622055296e+04 9.999558288696e-01 4.414666546152e-05 2.446389010871e-08 1.131717888845e+01
139590.992647 5.517875188183e-05 2.518217866257e+04 9.999482223311e-01 5.175042541940e-05 2.724242565958e-08 9.382651213207e+00
139705.882353 5.103094048792e-05 2.534738471211e+04 9.999480783872e-01 5.189637437400e-05 2.523741424048e-08 7.407579025077e+00
139820.772059 5.885538591759e-05 2.504221304804e+04 9.999485927298e-01 5.137845417062e-05 2.881481971331e-08 6.373383541032e+00
139935.661765 7.512753088086e-05 2.459510712504e+04 9.999479328072e-01 5.202992416109e-05 3.726704552257e-08 7.396189941971e+00
140050.551471 1.023581369273e-04 2.374308145180e+04 9.999549789598e-01 4.497726157101e-05 4.377661306857e-08 9.871403426520e+00
140165.441176 1.319978870685e-04 2.333938879721e+04 9.999540370440e-01 4.590541081831e-05 5.754253545752e-08 1.106510590485e+01
140280.330882 1.652706459999e-04 2.245974906275e+04 9.999653844811e-01 3.456153939964e-05 5.397689938602e-08 1.033921985276e+01
140395.220588 2.417290102176e-04 2.146907195163e+04 9.999728088031e-01 2.712958522718e-05 6.160860379926e-08 9.063323772689e+00
140510.110294 3.171076450100e-04 2.011480790858e+04 9.999850596399e-01 1.489651748477e-05 4.384042828734e-08 9.738814910721e+00
140625.000000 4.120060708447e-04 1.985735034135e+04 9.999843995116e-01 1.554134108632e-05 5.914428021873e-08 1.372414996722e+01
140739.889706 3.027364136902e-04 1.946844392411e+04 9.999901856928e-01 9.787249464656e-06 2.705631474540e-08 2.076173983094e+01
140854.779412 1.594317746703e-04 1.911623768223e+04 9.999942040759e-01 5.787606786184e-06 8.316904195302e-09 3.431983131418e+01
140969.669118 1.216282961665e-04 1.824020378880e+04 9.999958788834e-01 4.116648374786e-06 4.468034420006e-09 5.562807602449e+01
141084.558824 1.382363272230e-04 1.775863447540e+04 9.999961422262e-01 3.853033249550e-06 4.740301609459e-09 9.057309616763e+01
141199.448529 1.467028039789e-04 1.568907352833e+04 9.999967249717e-01 3.270818159260e-06 4.209943479148e-09 1.723576814441e+02
141314.338235 1.301702461918e-04 1.338752544780e+04 9.999968017471e-01 3.194651788359e-06 3.600960233137e-09 3.011366596543e+02
141429.227941 1.332971177633e-04 1.248718923463e+04 9.999968131488e-01 3.183200367665e-06 3.650672655843e-09 4.636612523943e+02
141544.117647 1.525558984338e-04 1.224179887947e+04 9.999968232496e-01 3.172604433439e-06 4.145719967565e-09 2.880503543342e+02
141659.007353 1.712639367815e-04 1.230647781906e+04 9.999968336755e-01 3.161702415982e-06 4.621865759454e-09 9.136655197301e+01
141773.897059 1.512047530159e-04 1.217991916491e+04 9.999968439485e-01 3.152005545998e-06 4.045761848095e-09 4.598128799706e+01
141888.786765 1.156443760055e-04 1.220970753233e+04 9.999968530858e-01 3.143844327020e-06 3.069731785047e-09 4.598119736037e+01
142003.676471 9.394608582367e-05 1.253393828260e+04 9.999968612311e-01 3.136294275458e-06 2.474536300891e-09 4.430252809840e+01
142118.566176 9.197919841712e-05 1.312551203334e+04 9.999968686701e-01 3.128923333651e-06 2.406440760374e-09 3.420885559246e+01
142233.455882 1.002656202993e-04 1.346709032340e+04 9.999968760393e-01 3.121358805397e-06 2.601777861602e-09 3.700489238614e+01
142348.345588 1.098773291407e-04 1.407703914575e+04 9.999968812026e-01 3.115969088947e-06 2.828196432116e-09 4.719511796902e+01
142463.235294 1.100900069139e-04 1.598104709859e+04 9.999968262824e-01 3.170843030280e-06 2.874444335530e-09 5.379966698883e+01
142578.125000 1.085710684450e-04 1.827649817961e+04 9.999961419066e-01 3.854637688773e-06 3.455478411232e-09 3.987300762667e+01
142693.014706 1.216714064614e-04 1.896519883963e+04 9.999953501106e-01 4.645253761357e-06 4.635349801835e-09 2.424926105426e+01
142807.904412 1.758235581836e-04 1.702979570753e+04 9.999965783019e-01 3.416925224908e-06 4.772601072301e-09 1.673255675368e+01
142922.794118 2.595498274459e-04 1.391675584230e+04 9.999969284234e-01 3.065468061254e-06 6.108173728643e-09 1.407780138387e+01
143037.683824 3.203897472208e-04 1.392852215616e+04 9.999969402404e-01 3.052381921890e-06 7.377303141923e-09 1.643237254966e+01
143152.573529 3.063540778546e-04 1.439083625569e+04 9.999969442271e-01 3.048764525721e-06 7.007960113948e-09 2.048988799752e+01
143267.463235 2.587493057904e-04 1.305749067244e+04 9.999969762016e-01 3.017927435165e-06 5.870682064787e-09 2.326891630294e+01
143382.352941 1.915830490525e-04 1.137832765572e+04 9.999969888157e-01 3.006774741769e-06 4.409357074978e-09 2.265764860216e+01
143497.242647 1.645281412634e-04 1.109631005972e+04 9.999969980617e-01 2.998176775159e-06 3.761289201153e-09 2.354801031377e+01
143612.132353 1.181826374703e-04 1.097576248177e+04 9.999970061649e-01 2.991135576669e-06 2.699383551422e-09 2.614138116927e+01
143727.022059 1.553207155345e-04 1.138607624505e+04 9.999970146087e-01 2.981837868319e-06 3.553230705006e-09 3.692898923333e+01
143841.911765 1.842416905379e-04 1.157984516181e+04 9.999970238863e-01 2.971911669041e-06 4.201837393520e-09 6.773001754337e+01
143956.801471 4.218202906728e-04 1.253081292838e+04 9.999970368605e-01 2.953606853348e-06 9.532142955316e-09 1.334619570307e+02
144071.691176 6.465167594272e-04 1.248986241015e+04 9.999970566331e-01 2.928981009827e-06 1.438510251976e-08 1.993315319736e+02
144186.580882 3.387049512882e-04 1.044047238577e+04 9.999970739902e-01 2.918542702744e-06 7.466676566251e-09 1.919833701563e+02
144301.470588 2.622664715248e-04 1.031149041531e+04 9.999970852536e-01 2.908909104600e-06 5.836997676701e-09 1.328709273137e+02
144416.360294 1.909449715367e-04 1.089484253062e+04 9.999970948195e-01 2.900961828504e-06 4.218466951013e-09 6.968144036601e+01
144531.250000 1.642936119880e-04 1.164360540892e+04 9.999971035710e-01 2.892796369461e-06 3.632456802080e-09 4.864411511997e+01
144646.139706 1.975820950555e-04 1.349815837629e+04 9.999971097580e-01 2.885941162611e-06 4.300642795531e-09 2.440815973436e+01
144761.029412 2.772934868200e-04 1.631527492822e+04 9.999968905177e-01 3.103027481000e-06 6.454492440503e-09 2.637109730536e+01
144875.919118 5.861903894648e-04 1.839619201229e+04 9.999929325053e-01 7.036019761956e-06 3.147332591764e-08 3.197064683731e+01
144990.808824 1.183667273911e-03 1.929631927660e+04 9.999774253511e-01 2.236211572845e-05 2.125220549635e-07 7.464705704389e+01
145105.698529 2.774273858368e-04 1.718041620510e+04 9.999965025849e-01 3.488925888795e-06 8.488740551408e-09 3.286028867355e+02
145220.588235 2.672476099532e-04 1.385755832596e+04 9.999972123359e-01 2.781647242356e-06 6.016526085590e-09 7.439000363681e+02
145335.477941 2.010331196945e-04 1.371384864681e+04 9.999972265236e-01 2.769007235060e-06 4.468910377554e-09 2.262555636541e+02
145450.367647 2.002207579839e-04 1.420078015408e+04 9.999972304670e-01 2.765019424290e-06 4.513314111357e-09 1.172476100159e+02
145565.257353 3.078965632245e-04 1.595851542043e+04 9.999970684035e-01 2.924260635048e-06 7.335471800275e-09 5.584920986167e+01
145680.147059 4.456964226984e-04 1.682567709122e+04 9.999965485525e-01 3.438965159153e-06 1.248164573657e-08 3.253024284259e+01
145795.036765 4.702388804700e-04 1.654021997786e+04 9.999967357645e-01 3.251851355896e-06 1.238344636134e-08 4.908754656144e+01
145909.926471 5.907240209551e-04 1.630579759518e+04 9.999967792332e-01 3.205498524215e-06 1.526741305351e-08 7.584506714506e+01
146024.816176 1.029156318311e-03 1.795958914489e+04 9.999920118906e-01 7.921018858498e-06 6.708692106134e-08 2.415101880166e+02
146139.705882 1.163772533916e-03 1.737159177219e+04 9.999940262869e-01 5.917592518601e-06 5.611749052686e-08 1.153258721304e+03
146254.595588 8.919915386289e-04 1.395744772119e+04 9.999973791187e-01 2.602597449711e-06 1.828276340451e-08 2.836802827389e+03
146369.485294 6.002672906886e-04 1.262216607929e+04 9.999974317015e-01 2.556149031755e-06 1.214880022586e-08 5.280879485000e+02
146484.375000 3.502333043403e-04 1.141591902274e+04 9.999974475861e-01 2.545289942845e-06 7.123599566754e-09 9.458765402201e+01
146599.264706 1.649012854362e-04 1.088826714353e+04 9.999974564037e-01 2.540167999177e-06 3.428070121962e-09 1.039390682687e+02
146714.154412 1.153490437359e-04 1.248568481143e+04 9.999974630268e-01 2.534474520088e-06 2.498572706155e-09 2.510740631769e+02
146829.044118 1.885548383178e-04 1.426902978071e+04 9.999974590535e-01 2.536732735363e-06 4.213582600980e-09 5.029980984269e+02
146943.933824 5.973222869042e-04 1.486212191872e+04 9.999973911019e-01 2.594813841747e-06 1.408350801885e-08 5.396242913155e+02
147058.823529 7.130694218619e-04 1.296411519740e+04 9.999975067149e-01 2.476662030565e-06 1.662207635118e-08 8.213249611219e+02
147173.713235 2.248711246159e-04 8.256919191009e+03 9.999975261429e-01 2.468300733065e-06 5.556103924809e-09 2.157475067363e+03
147288.602941 7.694403278457e-05 7.901124302963e+03 9.999975324368e-01 2.465446447383e-06 2.116652954745e-09 2.735783036373e+03
147403.492647 1.509003428070e-04 9.979289346562e+03 9.999975396927e-01 2.456190378086e-06 4.116675981877e-09 1.872739637618e+03
147518.382353 5.133852229711e-04 1.912483964391e+04 9.999876473574e-01 1.228423745894e-05 6.840161567338e-08 8.441055680566e+02
147633.272059 1.354080869145e-03 2.018077759271e+04 9.999355468437e-01 6.353384482075e-05 9.192634093159e-07 3.577185309435e+02
147748.161765 2.030105616383e-04 1.827384947300e+04 9.999958454221e-01 4.145796073996e-06 8.781355903071e-09 1.385307994142e+02
147863.051471 1.992762654178e-04 1.559416395861e+04 9.999975436449e-01 2.451378578824e-06 4.976292779365e-09 7.557552356379e+02
147977.941176 3.508302742942e-04 1.365772519444e+04 9.999976419140e-01 2.350045557510e-06 8.039980006367e-09 3.956201098782e+03
148092.830882 3.866259275187e-04 1.303784865294e+04 9.999976618588e-01 2.329490858091e-06 8.649843819432e-09 4.357910859315e+03
148207.720588 3.190214203177e-04 1.236500214030e+04 9.999976770033e-01 2.315917371974e-06 7.078939672621e-09 7.890501052561e+02
148322.610294 2.794217313807e-04 1.188263577693e+04 9.999976882834e-01 2.305542173231e-06 6.174069143925e-09 3.569165863507e+02
148437.500000 1.870401393655e-04 1.107720133232e+04 9.999976970833e-01 2.298799154320e-06 4.117297838818e-09 2.299353170559e+02
148552.389706 1.152028070528e-04 1.000112423405e+04 9.999977036154e-01 2.293863418586e-06 2.521067068518e-09 1.758357218369e+02
148667.279412 8.171601661453e-05 9.440175322986e+03 9.999977090192e-01 2.289199198525e-06 1.781522212722e-09 7.980948595427e+01
148782.169118 7.285441292011e-05 9.273218613916e+03 9.999977140574e-01 2.284357931470e-06 1.584626853558e-09 2.594566328396e+01
148897.058824 6.909154710120e-05 9.776908234651e+03 9.999977190027e-01 2.279491538703e-06 1.505635795494e-09 8.232201815475e+00
149011.948529 7.678034888912e-05 1.070221561768e+04 9.999977241179e-01 2.274200342515e-06 1.681698909743e-09 7.354151240875e+00
149126.838235 9.466514377319e-05 1.196783511737e+04 9.999977295858e-01 2.268330548618e-06 2.083546086781e-09 8.222920633981e+00
149241.727941 1.068254801644e-04 1.315647293673e+04 9.999977344342e-01 2.263202869642e-06 2.362830136144e-09 1.025111554996e+01
149356.617647 1.122391858634e-04 1.495214115731e+04 9.999977196622e-01 2.277818184741e-06 2.519442377662e-09 1.183577545319e+01
149471.507353 2.588266519483e-04 1.699161060718e+04 9.999971350450e-01 2.857526108565e-06 7.428539264861e-09 1.607319795208e+01
149586.397059 4.253847925169e-04 1.568569812989e+04 9.999975409573e-01 2.448645860954e-06 1.039630716083e-08 2.140462739101e+01
149701.286765 4.319482214798e-04 1.709629061627e+04 9.999966194675e-01 3.365740067877e-06 1.479166812254e-08 2.930631726706e+01
149816.176471 5.978278773693e-04 1.942575272526e+04 9.999835338958e-01 1.636406380289e-05 1.020351230842e-07 1.624544760093e+02
149931.066176 1.567156765182e-04 1.615553215667e+04 9.999976708223e-01 2.325547211792e-06 3.630334537091e-09 1.323121212446e+03
150045.955882 1.278521721363e-04 1.443454485336e+04 9.999978113984e-01 2.185842931516e-06 2.758477071758e-09 9.808741064347e+02
150160.845588 9.263133149402e-05 1.257405698266e+04 9.999978292875e-01 2.168746871679e-06 1.965474185089e-09 6.828057656134e+01
150275.735294 1.207098871563e-04 1.120080271933e+04 9.999978355127e-01 2.161949141427e-06 2.538052467872e-09 6.893120946308e+02
150390.625000 4.113188949073e-04 1.630006459943e+04 9.999973923343e-01 2.596975047531e-06 1.069002493346e-08 1.471307795837e+03
150505.514706 7.526975006050e-04 1.835408431117e+04 9.999908301780e-01 9.099067824975e-06 7.075044748606e-08 1.407833126798e+02
150620.404412 1.489505946970e-04 8.360511552207e+03 9.999978827960e-01 2.114162656350e-06 3.041149592676e-09 9.903686473562e+00
150735.294118 1.085568618837e-04 7.177679058751e+03 9.999978879329e-01 2.109861367119e-06 2.205641686239e-09 6.919931889742e+00
150850.183824 9.961818637202e-05 6.833677552069e+03 9.999978926887e-01 2.105286794249e-06 2.024419782102e-09 6.099905248341e+00
150965.073529 8.134317317060e-05 6.344991348395e+03 9.999978971261e-01 2.101223374327e-06 1.650475105552e-09 5.318730670135e+00
151079.963235 5.930335132297e-05 7.287449323575e+03 9.999979012568e-01 2.097531719532e-06 1.211384549354e-09 5.043636153247e+00
151194.852941 4.863819309544e-05 9.591241092820e+03 9.999979053224e-01 2.093669393479e-06 1.008143138269e-09 6.045471073312e+00
151309.742647 5.052401178001e-05 1.113917882403e+04 9.999979095045e-01 2.089437618993e-06 1.057856583320e-09 6.922298057790e+00
151424.632353 5.248786968761e-05 1.207638879294e+04 9.999979137401e-01 2.085153721507e-06 1.106167643676e-09 8.856377379033e+00
151539.522059 5.845331441619e-05 1.281350581727e+04 9.999979178948e-01 2.080866350992e-06 1.238735894644e-09 1.144324506930e+01
151654.411765 6.669453604152e-05 1.338758200424e+04 9.999979217122e-01 2.076867565684e-06 1.420165631242e-09 1.013263042472e+01
151769.301471 6.206657487044e-05 1.397395670235e+04 9.999979245901e-01 2.074083558289e-06 1.326279814774e-09 7.975079382275e+00
151884.191176 5.500521113646e-05 1.451631999563e+04 9.999979260336e-01 2.072787760570e-06 1.178548862112e-09 8.067619080373e+00
151999.080882 5.783147814377e-05 1.448040360639e+04 9.999979306238e-01 2.068136106843e-06 1.240070015841e-09 8.494699799801e+00
152113.970588 6.191297619512e-05 1.405825220950e+04 9.999979379900e-01 2.060686035405e-06 1.323931507315e-09 7.895338003274e+00
152228.860294 6.144291149702e-05 1.348856916916e+04 9.999979447836e-01 2.053906889917e-06 1.309413885962e-09 8.202346196978e+00
152343.750000 6.772204054275e-05 1.301159014299e+04 9.999979502128e-01 2.048346157042e-06 1.441010379597e-09 1.073474324312e+01
152458.639706 8.004432768636e-05 1.280332882676e+04 9.999979552521e-01 2.043044910533e-06 1.702899710611e-09 1.500418405266e+01
152573.529412 8.601008777748e-05 1.285257783051e+04 9.999979602269e-01 2.037943032728e-06 1.829969448492e-09 1.802499023738e+01
152688.419118 8.836544124359e-05 1.286977470729e+04 9.999979653325e-01 2.032788986610e-06 1.878362253491e-09 1.987517192787e+01
152803.308824 9.354607847949e-05 1.277148161052e+04 9.999979706469e-01 2.027367413607e-06 1.985610341204e-09 2.251907657858e+01
152918.198529 9.543034661239e-05 1.241278632615e+04 9.999979762056e-01 2.021774142322e-06 2.020159775877e-09 2.327730459868e+01
153033.088235 9.150673962742e-05 1.198665777563e+04 9.999979815368e-01 2.016532044111e-06 1.931012155747e-09 2.139270481664e+01
153147.977941 9.904211895101e-05 1.202194150580e+04 9.999979867195e-01 2.011192150861e-06 2.088255217060e-09 2.453757509703e+01
153262.867647 1.067349108694e-04 1.238364131544e+04 9.999979919221e-01 2.005826477307e-06 2.251283238666e-09 2.873873729055e+01
153377.757353 1.016346862653e-04 1.273278651446e+04 9.999979970149e-01 2.000840968391e-06 2.144018377778e-09 2.719472253858e+01
153492.647059 1.039119313416e-04 1.278501517733e+04 9.999980023395e-01 1.995470231558e-06 2.190101581303e-09 2.815367062964e+01
153607.536765 1.007727622938e-04 1.198284929457e+04 9.999980082145e-01 1.989671637054e-06 2.113782049387e-09 2.648187147457e+01
153722.426471 9.033550682855e-05 1.179690137031e+04 9.999980133057e-01 1.984801131426e-06 1.893066049451e-09 6.492015141734e+01
153837.316176 1.888467021813e-04 1.569161689639e+04 9.999979114714e-01 2.084273937402e-06 4.254407154990e-09 4.861983504534e+02
153952.205882 3.882777042197e-04 1.738243832037e+04 9.999964999387e-01 3.485002713719e-06 1.505780288736e-08 2.762513506892e+02
154067.095588 2.377774158299e-04 1.482476739550e+04 9.999979990501e-01 1.995753419586e-06 5.196177911998e-09 5.134877173636e+01
154181.985294 1.561302157868e-04 1.218181277019e+04 9.999980506474e-01 1.946070256548e-06 3.282173482448e-09 3.356703790935e+01
154296.875000 1.365810800579e-04 1.138146337593e+04 9.999980569372e-01 1.940215158096e-06 2.847460125449e-09 2.662527102776e+01
154411.764706 1.160138368417e-04 1.110634903771e+04 9.999980624074e-01 1.935185273840e-06 2.407234873553e-09 2.575322426236e+01
154526.654412 1.038468205305e-04 1.120639928677e+04 9.999980675114e-01 1.930339193276e-06 2.149302119275e-09 4.050109418305e+01
154641.544118 1.007861672971e-04 1.136708762490e+04 9.999980724989e-01 1.925417331597e-06 2.083631829157e-09 6.776364945392e+01
154756.433824 1.191563357478e-04 1.171894612463e+04 9.999980777363e-01 1.919798366264e-06 2.465246401386e-09 6.875885620957e+01
154871.323529 1.474971943819e-04 1.246083184912e+04 9.999980832053e-01 1.913736887483e-06 3.057620278626e-09 4.873116081866e+01
154986.213235 1.547217890365e-04 1.299253004936e+04 9.999980884845e-01 1.908304088302e-06 3.211235848800e-09 2.894313684992e+01
155101.102941 1.354893130543e-04 1.302584982161e+04 9.999980946703e-01 1.902524518349e-06 2.805053785713e-09 1.518732609385e+01
155215.992647 1.142944572157e-04 1.314738967312e+04 9.999981001896e-01 1.897448191865e-06 2.362090350283e-09 8.965347278324e+00
155330.882353 8.352257783344e-05 1.355004642258e+04 9.999981044382e-01 1.893835981630e-06 1.725732451503e-09 4.829543358637e+00
155445.772059 6.256323167401e-05 1.418037481683e+04 9.999981065359e-01 1.892169737488e-06 1.294255791623e-09 2.955511354311e+00
155560.661765 5.102425452587e-05 1.477755304604e+04 9.999981063066e-01 1.892634172058e-06 1.059190521403e-09 3.166728205491e+00
155675.551471 3.877827659935e-05 1.541523849060e+04 9.999981031003e-01 1.896091576720e-06 8.080329583599e-10 4.478258892500e+00
155790.441176 2.967194480894e-05 1.639992116942e+04 9.999980823203e-01 1.917053680426e-06 6.259741264420e-10 5.945149257599e+00
155905.330882 2.943675030897e-05 1.721787511964e+04 9.999980281285e-01 1.971229363090e-06 6.421474997011e-10 6.612006752913e+00
156020.220588 3.548196064780e-05 1.736965518977e+04 9.999979909198e-01 2.008287404306e-06 7.927562441748e-10 6.393919517507e+00
156135.110294 4.246928707063e-05 1.728639472917e+04 9.999979805263e-01 2.018516787861e-06 9.568158839589e-10 5.910406731680e+00
156250.000000 4.553118327301e-05 1.735599488876e+04 9.999979609440e-01 2.038018074782e-06 1.037867101754e-09 5.488867283344e+00
156364.889706 4.427520039281e-05 1.767656533821e+04 9.999979039319e-01 2.095027647041e-06 1.040376299905e-09 5.154837164981e+00
156479.779412 4.184117281202e-05 1.822769688435e+04 9.999977638055e-01 2.235142006753e-06 1.052394089216e-09 4.425057541304e+00
156594.669118 3.956422263126e-05 1.905239501825e+04 9.999973925409e-01 2.606289426448e-06 1.169613499050e-09 4.181131630982e+00
156709.558824 3.838586696274e-05 2.001328169139e+04 9.999965361464e-01 3.462329826821e-06 1.523737895640e-09 5.111932941093e+00
156824.448529 3.477320169351e-05 2.106630533619e+04 9.999949513939e-01 5.046578631897e-06 2.027395953616e-09 5.612336097195e+00
156939.338235 3.186741797482e-05 2.210929250572e+04 9.999921957678e-01 7.801334154049e-06 2.897948641142e-09 5.269519362315e+00
157054.227941 3.579063260494e-05 2.232002849069e+04 9.999904853603e-01 9.510659509853e-06 3.980000025648e-09 5.276859747744e+00
157169.117647 3.790987107530e-05 2.231914082946e+04 9.999900162013e-01 9.979361754327e-06 4.436718748273e-09 5.108224356968e+00
157284.007353 3.563260244691e-05 2.280610263537e+04 9.999877920391e-01 1.220284705522e-05 5.113600225490e-09 4.816466684522e+00
157398.897059 3.578610995790e-05 2.356360688460e+04 9.999818651194e-01 1.812722824275e-05 7.651986788449e-09 4.745021261253e+00
157513.786765 3.515304527302e-05 2.462709726982e+04 9.999693860085e-01 3.060123730022e-05 1.275363804341e-08 4.532098402515e+00
157628.676471 3.405338522835e-05 2.500719250545e+04 9.999641003587e-01 3.588509485918e-05 1.454582437315e-08 3.610257087707e+00
157743.566176 3.468605472819e-05 2.406017188670e+04 9.999772221249e-01 2.276851255359e-05 9.362142009755e-09 2.806835511239e+00
157858.455882 3.469231547872e-05 2.260605227713e+04 9.999892320373e-01 1.076356408810e-05 4.398385482139e-09 2.929604635142e+00
157973.345588 3.045506391766e-05 2.233208304626e+04 9.999915937112e-01 8.403289662423e-06 2.999031248032e-09 4.549978378512e+00
158088.235294 2.653013937108e-05 2.289563712993e+04 9.999900394633e-01 9.957430750847e-06 3.105781767893e-09 7.518193588119e+00
158203.125000 2.943386526481e-05 2.284449832824e+04 9.999894175674e-01 1.057876804182e-05 3.664376482690e-09 9.298872844548e+00
158318.014706 4.058026700112e-05 2.202210556484e+04 9.999909582383e-01 9.037442597402e-06 4.318893938165e-09 8.673170190233e+00
158432.904412 5.156986895654e-05 2.140694024146e+04 9.999920945920e-01 7.900612015861e-06 4.795768956337e-09 7.538148568779e+00
158547.794118 5.086312803185e-05 2.152861970381e+04 9.999916552254e-01 8.339774815073e-06 4.999494629769e-09 8.187408874850e+00
158662.683824 4.536692126938e-05 2.211071778694e+04 9.999896193047e-01 1.037513645865e-05 5.558541070819e-09 1.530416700868e+01
158777.573529 4.403061670079e-05 2.254976139285e+04 9.999871967019e-01 1.279663124128e-05 6.666512749981e-09 3.425596541149e+01
158892.463235 5.839192152962e-05 2.211789100843e+04 9.999870797358e-01 1.291133229758e-05 8.931501824992e-09 4.617989765664e+01
159007.352941 9.449239459824e-05 2.116213271878e+04 9.999887415267e-01 1.124590552787e-05 1.256717195699e-08 2.714756328526e+01
159122.242647 1.142673781691e-04 2.089729720864e+04 9.999887211450e-01 1.126363054419e-05 1.522373236373e-08 1.002598981583e+01
159237.132353 8.185337966688e-05 2.169725637311e+04 9.999863836499e-01 1.360316114093e-05 1.318832310293e-08 5.086853688717e+00
159352.022059 4.520207853818e-05 2.336968124199e+04 9.999796948772e-01 2.029422812334e-05 1.089418969267e-08 3.893167256053e+00
159466.911765 3.382059861804e-05 2.459825438538e+04 9.999708880727e-01 2.910022512931e-05 1.170162701279e-08 2.899361435638e+00
159581.801471 3.052208300906e-05 2.541444662696e+04 9.999607840882e-01 3.920166960966e-05 1.424161334978e-08 1.944166464888e+00
159696.691176 2.581133885898e-05 2.652402890873e+04 9.999446160664e-01 5.536692686060e-05 1.700617480419e-08 1.284029476231e+00
159811.580882 2.023951048024e-05 2.777718114780e+04 9.999255999388e-01 7.438214984179e-05 1.791100905353e-08 8.806799679722e-01
159926.470588 1.608097955874e-05 2.870818985300e+04 9.999146774807e-01 8.530630898031e-05 1.621019168079e-08 6.542892846261e-01
160041.360294 1.317877581665e-05 2.930077173904e+04 9.999125389926e-01 8.744743707893e-05 1.357037259400e-08 5.501945310495e-01
160156.250000 1.153150734383e-05 2.964568154970e+04 9.999133279130e-01 8.666036893962e-05 1.171817463623e-08 5.523139682397e-01
160271.139706 1.121779252486e-05 2.974021685380e+04 9.999126820304e-01 8.730648061594e-05 1.148919154145e-08 6.741580930824e-01
160386.029412 1.255111020676e-05 2.954613930013e+04 9.999087798649e-01 9.120665743977e-05 1.347783487697e-08 9.134981980976e-01
160500.919118 1.513893408914e-05 2.914930183107e+04 9.999050739475e-01 9.490909990940e-05 1.695262847005e-08 1.197084639704e+00
160615.808824 1.764864045370e-05 2.875240733658e+04 9.999046815486e-01 9.529852870178e-05 1.992263409504e-08 1.384078025708e+00
160730.698529 1.866776965199e-05 2.857229430959e+04 9.999063530086e-01 9.362635504188e-05 2.063621449623e-08 1.403042188490e+00
160845.588235 1.796232725996e-05 2.864096570124e+04 9.999072832968e-01 9.269701805198e-05 1.968499792794e-08 1.319577691071e+00
160960.477941 1.749179582416e-05 2.867037962618e+04 9.999087923554e-01 9.118881839353e-05 1.882604603283e-08 1.332508420202e+00
161075.367647 1.960905075050e-05 2.827302312728e+04 9.999128972739e-01 8.708262762893e-05 2.009819138636e-08 1.676286872955e+00
161190.257353 2.604123927056e-05 2.724412208960e+04 9.999242412565e-01 7.573543106668e-05 2.331184559238e-08 2.691261182456e+00
161305.147059 3.702286547804e-05 2.598051412017e+04 9.999388900219e-01 6.108323396895e-05 2.674319474743e-08 4.762925776567e+00
161420.036765 4.572694773158e-05 2.546854841394e+04 9.999410489452e-01 5.891922101980e-05 3.183258107819e-08 7.083366268730e+00
161534.926471 4.626989675136e-05 2.586776549488e+04 9.999279485016e-01 7.201210937026e-05 3.938752522190e-08 8.136826780518e+00
161649.816176 4.453668820454e-05 2.653650937192e+04 9.999057070237e-01 9.424332838194e-05 4.964632753663e-08 8.077280958128e+00
161764.705882 5.503288285726e-05 2.631743444689e+04 9.998947183968e-01 1.052130514247e-04 6.854948079136e-08 9.032937435013e+00
161879.595588 7.759715278225e-05 2.554953168905e+04 9.998968597712e-01 1.030454852926e-04 9.473986040869e-08 1.457427311303e+01
161994.485294 1.169425769627e-04 2.428107520483e+04 9.999188798945e-01 8.100825165054e-05 1.118488849620e-07 2.992956856369e+01
162109.375000 1.859331130068e-04 2.285944110422e+04 9.999424308380e-01 5.744362665794e-05 1.255293941597e-07 7.380685951634e+01
162224.264706 1.944680275061e-04 2.282040435950e+04 9.999412893992e-01 5.857685078922e-05 1.337436961888e-07 1.509645672148e+02
162339.154412 1.097959167604e-04 2.467633166128e+04 9.999064946784e-01 9.338445868518e-05 1.208576835365e-07 1.362136123007e+02
162454.044118 9.092117243954e-05 2.498802125130e+04 9.999091017663e-01 9.080100154327e-05 9.722813700163e-08 5.712059707772e+01
162568.933824 1.491646779499e-04 2.229515344848e+04 9.999670102588e-01 3.293247754346e-05 5.726091984062e-08 7.221616181684e+01
162683.823529 2.214336609600e-04 1.975944761553e+04 9.999907835292e-01 9.193087732177e-06 2.338187488745e-08 1.383729966896e+02
162798.713235 1.826534695613e-04 1.752675603618e+04 9.999975393498e-01 2.455632422864e-06 5.017525213935e-09 1.328969327049e+02
162913.602941 8.430568299326e-05 1.616349153345e+04 9.999982956156e-01 1.702805914542e-06 1.578427321533e-09 5.387023273873e+01
163028.492647 6.334612271445e-05 1.488501147766e+04 9.999983738907e-01 1.624987029884e-06 1.122194834219e-09 1.405498618277e+01
163143.382353 6.538616262495e-05 1.357389808398e+04 9.999983884600e-01 1.610399068329e-06 1.140836028607e-09 9.881998517471e+00
163258.272059 5.996919695138e-05 1.246483220579e+04 9.999983934841e-01 1.605477829373e-06 1.038040494400e-09 8.465911428410e+00
163373.161765 5.423793455589e-05 1.158749038395e+04 9.999983969292e-01 1.602139000694e-06 9.317168699230e-10 6.932017188837e+00
163488.051471 5.094075752358e-05 1.097955328505e+04 9.999984000828e-01 1.599046372396e-06 8.707494971793e-10 6.023395160910e+00
163602.941176 4.976295175926e-05 1.071049397547e+04 9.999984031535e-01 1.595999182969e-06 8.472717468237e-10 5.838275974103e+00
163717.830882 5.156851926757e-05 1.104591886592e+04 9.999984062280e-01 1.592894178232e-06 8.777739146855e-10 6.017099007507e+00
163832.720588 5.667152218896e-05 1.207454631872e+04 9.999984093227e-01 1.589709297701e-06 9.679808592715e-10 6.665758494922e+00
163947.610294 7.778826531346e-05 1.362189003482e+04 9.999984106383e-01 1.588023906687e-06 1.337739448911e-09 8.144789290536e+00
164062.500000 9.859109357105e-05 1.562728630929e+04 9.999983640320e-01 1.634205097642e-06 1.762788408499e-09 1.541290286563e+01
164177.389706 8.037910406594e-05 1.670320647739e+04 9.999982674743e-01 1.730994487986e-06 1.531157006290e-09 2.621630092050e+01
164292.279412 5.667296248108e-05 1.671743471069e+04 9.999983150088e-01 1.683943872392e-06 1.047236359593e-09 2.176246121777e+01
164407.169118 5.447532876878e-05 1.661159247970e+04 9.999983343532e-01 1.664651898955e-06 9.948462716218e-10 1.225353694174e+01
164522.058824 5.212021955309e-05 1.666324292801e+04 9.999983365286e-01 1.662521278246e-06 9.500865360036e-10 9.449177035740e+00
164636.948529 4.521263668412e-05 1.697494466408e+04 9.999983189978e-01 1.680168065652e-06 8.341093259331e-10 8.555822135421e+00
164751.838235 3.853987636855e-05 1.768691721221e+04 9.999982328388e-01 1.766412333776e-06 7.488675535124e-10 6.839519298703e+00
164866.727941 3.806822193610e-05 1.885324536857e+04 9.999978403144e-01 2.158772724092e-06 9.128061725890e-10 5.324340781730e+00
164981.617647 5.760830858003e-05 2.030270167400e+04 9.999954572991e-01 4.539729676750e-06 2.971063828703e-09 6.013599968846e+00
165096.507353 1.458671786098e-04 2.049294365405e+04 9.999896688671e-01 1.031385210661e-05 1.727992262500e-08 2.350834600082e+01
165211.397059 2.209789795910e-04 2.159982435326e+04 9.999691150875e-01 3.080603551507e-05 7.887316172538e-08 1.559352715818e+02
165326.286765 4.172124958252e-04 2.099791401660e+04 9.999618549720e-01 3.796179911105e-05 1.832197409977e-07 5.663235481135e+02
165441.176471 2.634959299114e-04 1.718028364703e+04 9.999976331500e-01 2.359928758646e-06 6.920848140817e-09 3.928151637426e+02
165556.066176 9.772809367799e-05 1.537456288107e+04 9.999984448963e-01 1.553443588088e-06 1.660071561411e-09 4.701556907854e+01
165670.955882 4.780303793096e-05 1.490266062435e+04 9.999984764679e-01 1.522740351861e-06 7.916780366619e-10 8.455699839769e+00
165785.845588 3.963890109527e-05 1.515202573048e+04 9.999984778099e-01 1.521535247146e-06 6.548336654138e-10 4.916915012682e+00
165900.735294 5.133521652416e-05 1.534719863531e+04 9.999984730651e-01 1.526081655929e-06 8.531695466776e-10 8.240860787788e+00
166015.625000 6.986021486293e-05 1.590351872358e+04 9.999984429370e-01 1.555875271772e-06 1.187696202847e-09 1.640982281737e+01
166130.514706 8.744282960471e-05 1.657801170797e+04 9.999983542166e-01 1.644204314031e-06 1.579015756555e-09 2.656254681266e+01
166245.404412 9.756602853399e-05 1.742215807253e+04 9.999981040560e-01 1.893901062958e-06 2.042796604967e-09 3.196707096547e+01
166360.294118 8.586270769439e-05 1.926453637418e+04 9.999965734368e-01 3.423256653332e-06 3.306348363373e-09 2.888576832800e+01
166475.183824 7.878741768454e-05 2.078892588208e+04 9.999926735623e-01 7.319880740980e-06 6.556641267808e-09 1.236803394889e+02
166590.073529 1.019830258888e-04 2.192814653050e+04 9.999819036768e-01 1.807522871511e-05 2.109344403334e-08 4.396946278446e+02
166704.963235 2.207133691503e-04 2.079875484901e+04 9.999820861278e-01 1.786906163220e-05 4.480832443417e-08 1.005822340148e+02
166819.852941 3.037743043836e-04 1.936345248984e+04 9.999911551146e-01 8.814824710878e-06 3.005921712713e-08 9.890502064019e+00
166934.742647 1.770544462772e-04 1.760060325825e+04 9.999976809562e-01 2.314550396624e-06 4.493160464171e-09 9.451178452370e+00
167049.632353 5.603768374940e-05 1.737348164127e+04 9.999983273851e-01 1.671600909668e-06 1.013983243707e-09 1.112442451865e+01
167164.522059 5.140669612294e-05 1.548498751033e+04 9.999985220531e-01 1.477135833615e-06 8.109749055291e-10 1.930784683164e+01
167279.411765 5.540944271265e-05 1.555421530209e+04 9.999985210631e-01 1.478061722597e-06 8.750980835671e-10 3.002155347067e+01
167394.301471 5.870574963516e-05 1.517749793162e+04 9.999985334239e-01 1.465658138739e-06 9.178886471520e-10 1.737863350249e+01
167509.191176 7.715041155135e-05 1.485257763044e+04 9.999985393514e-01 1.459447033396e-06 1.201504087201e-09 9.086304842868e+00
167624.080882 1.047781070232e-04 1.490961818904e+04 9.999985361893e-01 1.462173682387e-06 1.636972028270e-09 8.901366948619e+00
167738.970588 7.856377273503e-05 1.453198300889e+04 9.999985517422e-01 1.447044746594e-06 1.213031188718e-09 1.009439091583e+01
167853.860294 5.572467521908e-05 1.459552418789e+04 9.999985569159e-01 1.442225570098e-06 8.584699298912e-10 8.821179006009e+00
167968.750000 5.658868393326e-05 1.474805488085e+04 9.999985579446e-01 1.441182294648e-06 8.730743692418e-10 6.911349823986e+00
168083.639706 6.224119108098e-05 1.482818122367e+04 9.999985588068e-01 1.440229981523e-06 9.631492894052e-10 7.440449308385e+00
168198.529412 5.894531518123e-05 1.466236160935e+04 9.999985646786e-01 1.434411902200e-06 9.094394550677e-10 1.185232088274e+01
168313.419118 4.999783809536e-05 1.352127624027e+04 9.999985748831e-01 1.424352607773e-06 7.642085734747e-10 1.793820486993e+01
168428.308824 5.839628430087e-05 1.187242817160e+04 9.999985789208e-01 1.420193353735e-06 8.858277541436e-10 2.150670735159e+01
168543.198529 8.367160248800e-05 1.116349217270e+04 9.999985820554e-01 1.416678282753e-06 1.266285167094e-09 1.770167506063e+01
168658.088235 1.036101612175e-04 1.113875550792e+04 9.999985854240e-01 1.413008959403e-06 1.566992744914e-09 9.607447750096e+00
168772.977941 1.047891112613e-04 1.105220474394e+04 9.999985888708e-01 1.409544931582e-06 1.584173520307e-09 4.956573065140e+00
168887.867647 8.288902092197e-05 1.064163162221e+04 9.999985920607e-01 1.406689879327e-06 1.249320223977e-09 4.058123837507e+00
169002.757353 5.753521444211e-05 1.014310761007e+04 9.999985948551e-01 1.404280509693e-06 8.643313804519e-10 4.037018985097e+00
169117.647059 4.717416921941e-05 1.002489951515e+04 9.999985974319e-01 1.401860535286e-06 7.075756599431e-10 3.634238676305e+00
169232.536765 4.356350156009e-05 1.026186033577e+04 9.999985999352e-01 1.399411982714e-06 6.528292059129e-10 3.052291430401e+00
169347.426471 3.901127634553e-05 1.060742930969e+04 9.999986023847e-01 1.397030055483e-06 5.851652682543e-10 3.064752268752e+00
169462.316176 3.469435613702e-05 1.120982942142e+04 9.999986047794e-01 1.394699485714e-06 5.210582785563e-10 3.708703086056e+00
169577.205882 3.485171009687e-05 1.217793894798e+04 9.999986071218e-01 1.392353439906e-06 5.247268602838e-10 3.949760627890e+00
169692.095588 3.893386853330e-05 1.272789572588e+04 9.999986094261e-01 1.389987019726e-06 5.868809251296e-10 3.683655997061e+00
169806.985294 4.050423821866e-05 1.298790079039e+04 9.999986117777e-01 1.387611293828e-06 6.109496560122e-10 3.203455804588e+00
169921.875000 3.901250154963e-05 1.347282206688e+04 9.999986137827e-01 1.385629635260e-06 5.876821373753e-10 2.328908667743e+00
170036.764706 3.532302957267e-05 1.381948505806e+04 9.999986157056e-01 1.383762732268e-06 5.316128035572e-10 1.451136010014e+00
170151.654412 2.755111759490e-05 1.436685560072e+04 9.999986168971e-01 1.382689715947e-06 4.131914473276e-10 1.040859705310e+00
170266.544118 2.025059141388e-05 1.540177979249e+04 9.999986137092e-01 1.385986772881e-06 3.040424728139e-10 1.367356913344e+00
170381.433824 1.922998236630e-05 1.651273652274e+04 9.999985946895e-01 1.405017175996e-06 2.932891803744e-10 2.881907653944e+00
170496.323529 2.543159250547e-05 1.800208758379e+04 9.999984426341e-01 1.556930041012e-06 4.358752388431e-10 5.689146143700e+00
170611.213235 3.751905596368e-05 1.911603274491e+04 9.999978843467e-01 2.114767223463e-06 8.860641356690e-10 7.293691784692e+00
170726.102941 4.701630022665e-05 1.908858211487e+04 9.999977189521e-01 2.279847611911e-06 1.200213335541e-09 5.420750245322e+00
170840.992647 4.152091946703e-05 1.948553681694e+04 9.999975129822e-01 2.485861890990e-06 1.155899428370e-09 3.622980606075e+00
170955.882353 3.202267642609e-05 2.035058284757e+04 9.999969302648e-01 3.068631200804e-06 1.103962085616e-09 3.501056372346e+00
171070.772059 3.021687191597e-05 2.064761017855e+04 9.999966328972e-01 3.365959819718e-06 1.142916326801e-09 4.231980283476e+00
171185.661765 3.304211746517e-05 2.043832214945e+04 9.999967660074e-01 3.232794883546e-06 1.197681479051e-09 5.252435998456e+00
171300.551471 3.775193935571e-05 2.002610276199e+04 9.999970780445e-01 2.920719823050e-06 1.235591405366e-09 5.804739885332e+00
171415.441176 4.214786154721e-05 1.935421547570e+04 9.999976303713e-01 2.368516461731e-06 1.112170357841e-09 5.369328193210e+00
171530.330882 4.199121775851e-05 1.859015727087e+04 9.999981285196e-01 1.870613688916e-06 8.666232805761e-10 4.628527075105e+00
171645.220588 3.908756517632e-05 1.792168575730e+04 9.999983924871e-01 1.606824584025e-06 6.882386353039e-10 4.273632767271e+00
171760.110294 3.759570194303e-05 1.740285333975e+04 9.999985061394e-01 1.493249689854e-06 6.108522773927e-10 4.168008945259e+00
171875.000000 3.728172869513e-05 1.702665023387e+04 9.999985578554e-01 1.441561384761e-06 5.831383806330e-10 4.066535614747e+00
171989.889706 3.728119292227e-05 1.678915696291e+04 9.999985830518e-01 1.416377236001e-06 5.708920461166e-10 3.705697288139e+00
172104.779412 3.602517408361e-05 1.669999212227e+04 9.999985951095e-01 1.404344309314e-06 5.461469646120e-10 3.160062239406e+00
172219.669118 3.359156335151e-05 1.680656385627e+04 9.999985944291e-01 1.405062238635e-06 5.085873107716e-10 2.866463755233e+00
172334.558824 3.280617746470e-05 1.710685707762e+04 9.999985724947e-01 1.427001147788e-06 5.041566598587e-10 3.093684145355e+00
172449.448529 3.578862868145e-05 1.739117702351e+04 9.999985306659e-01 1.468766538800e-06 5.675292246366e-10 3.958492878427e+00
172564.338235 4.190982187708e-05 1.759192039130e+04 9.999984729585e-01 1.526350354499e-06 6.910963745528e-10 5.451915117414e+00
172679.227941 4.795277558626e-05 1.778253407196e+04 9.999983994037e-01 1.599765673149e-06 8.306168966507e-10 7.068135037074e+00
172794.117647 5.085586768526e-05 1.778005875226e+04 9.999983866574e-01 1.612456104359e-06 8.864618381224e-10 7.828802664294e+00
172909.007353 4.834373834860e-05 1.725777427472e+04 9.999985174770e-01 1.481754369565e-06 7.685523454992e-10 7.046105540252e+00
173023.897059 4.159296050126e-05 1.659021237001e+04 9.999986149332e-01 1.384455228708e-06 6.115644858204e-10 5.235640898207e+00
173138.786765 3.342985420290e-05 1.627512833440e+04 9.999986472590e-01 1.352264580927e-06 4.764053030624e-10 3.407828840925e+00
173253.676471 2.542436465564e-05 1.672455253238e+04 9.999986397767e-01 1.359860336019e-06 3.629223089038e-10 2.020811117638e+00
173368.566176 2.071502655534e-05 1.694365957350e+04 9.999986406185e-01 1.359087732502e-06 2.937904927266e-10 1.323423337967e+00
173483.455882 1.945860816115e-05 1.683827408047e+04 9.999986508359e-01 1.348891984145e-06 2.720979167243e-10 1.081166179627e+00
173598.345588 2.118470993609e-05 1.653006876562e+04 9.999986621077e-01 1.337599083500e-06 2.932391779773e-10 1.145461811264e+00
173713.235294 2.659860915851e-05 1.603487250516e+04 9.999986734563e-01 1.326179358172e-06 3.642856762463e-10 1.563699772644e+00
173828.125000 3.632850163112e-05 1.555365614562e+04 9.999986811146e-01 1.318390751780e-06 4.945980839769e-10 2.618979450080e+00
173943.014706 4.801932246763e-05 1.564738159676e+04 9.999986753685e-01 1.323975101440e-06 6.563583198252e-10 4.663436509696e+00
174057.904412 6.143585858730e-05 1.620144522943e+04 9.999986404894e-01 1.358647310692e-06 8.632707267893e-10 8.089633360151e+00
174172.794118 7.955946442283e-05 1.644801183989e+04 9.999985984009e-01 1.400446013541e-06 1.153055200458e-09 1.365264604802e+01
174287.683824 9.195449617439e-05 1.653599162013e+04 9.999985720345e-01 1.426609258589e-06 1.356170231341e-09 2.017241171565e+01
174402.573529 8.034025064621e-05 1.666496939388e+04 9.999985743376e-01 1.424482624929e-06 1.179729323970e-09 2.142580472871e+01
174517.463235 5.295652389674e-05 1.654010388250e+04 9.999986363443e-01 1.362917044176e-06 7.386608197776e-10 1.429212518398e+01
174632.352941 3.459593043356e-05 1.649962008589e+04 9.999986686259e-01 1.330906921561e-06 4.671302048104e-10 6.318718076645e+00
174747.242647 2.871105618114e-05 1.707616794918e+04 9.999986439422e-01 1.355663660189e-06 3.941389794711e-10 3.029192665269e+00
174862.132353 3.098532109365e-05 1.730772402383e+04 9.999986180424e-01 1.381524404273e-06 4.331338833810e-10 2.350516343846e+00
174977.022059 4.055584922910e-05 1.691784882121e+04 9.999986339496e-01 1.365490448133e-06 5.599103053057e-10 2.876378709035e+00
175091.911765 6.126599055912e-05 1.622803294151e+04 9.999986637022e-01 1.335472117472e-06 8.256106331745e-10 5.019880844724e+00
175206.801471 9.225287499611e-05 1.542787941082e+04 9.999986939459e-01 1.304843030395e-06 1.211016626397e-09 1.145127231778e+01
175321.691176 1.442630048373e-04 1.483358167141e+04 9.999987079356e-01 1.290197441207e-06 1.866844220990e-09 2.837802036700e+01
175436.580882 1.894462957593e-04 1.480238934485e+04 9.999987057599e-01 1.291789220078e-06 2.450724776837e-09 7.172725278507e+01
175551.470588 2.203521445481e-04 1.471020078254e+04 9.999987098130e-01 1.287350807332e-06 2.836043098814e-09 1.177895038113e+02
175666.360294 1.591604473151e-04 1.335046857178e+04 9.999987432124e-01 1.254807157543e-06 1.980358824146e-09 1.070050381226e+02
175781.250000 1.210341433151e-04 1.262083370832e+04 9.999987487975e-01 1.249709494992e-06 1.492947519264e-09 4.961201196443e+01
175896.139706 1.282496655468e-04 1.260496293671e+04 9.999987520220e-01 1.246401810769e-06 1.576105727628e-09 3.335509194377e+01
176011.029412 1.306018108946e-04 1.246445180345e+04 9.999987554205e-01 1.242981034430e-06 1.598402434134e-09 3.632863934121e+01
176125.919118 1.931215163155e-04 1.325792146099e+04 9.999987568769e-01 1.240755176713e-06 2.367770118504e-09 8.069657043212e+01
176240.808824 3.231036902473e-04 1.456212180746e+04 9.999987273416e-01 1.268584263138e-06 4.073919157176e-09 2.484288422491e+02
176355.698529 1.961773516750e-04 1.245950971612e+04 9.999987693038e-01 1.228325816790e-06 2.370266646123e-09 1.420587338824e+02
176470.588235 1.219678176033e-04 1.045994592571e+04 9.999987732250e-01 1.225320214495e-06 1.454732616203e-09 3.362071066410e+01
176585.477941 8.470778003912e-05 9.516960513121e+03 9.999987758005e-01 1.223197426042e-06 1.002048002671e-09 1.369192667272e+01
176700.367647 6.862706678575e-05 9.223754553499e+03 9.999987781080e-01 1.221084541351e-06 8.073885508218e-10 9.411837865264e+00
176815.257353 6.948953016247e-05 9.321720751957e+03 9.999987803781e-01 1.218805900956e-06 8.159451673538e-10 1.499603050153e+01
176930.147059 1.138865634162e-04 1.105788528397e+04 9.999987830556e-01 1.215596821051e-06 1.347509786430e-09 9.892276767459e+01
177045.036765 2.485712230631e-04 1.482883211939e+04 9.999987450286e-01 1.251886712203e-06 3.084530737311e-09 1.694328621223e+02
177159.926471 1.948373077667e-04 1.317649701119e+04 9.999987892271e-01 1.208459370570e-06 2.313410996880e-09 8.431267378557e+01
177274.816176 1.310617191583e-04 1.105896858574e+04 9.999987950461e-01 1.203421411422e-06 1.532377319308e-09 6.577944977442e+01
177389.705882 1.472967162671e-04 1.097765775358e+04 9.999987981797e-01 1.200104483906e-06 1.715740677261e-09 3.530953838302e+01
177504.595588 1.549055469783e-04 1.225673567341e+04 9.999988011368e-01 1.197054759557e-06 1.808308627100e-09 2.259961540878e+01
177619.485294 1.240799062687e-04 1.291965155285e+04 9.999988036075e-01 1.194944352927e-06 1.448108262522e-09 1.916962855524e+01
177734.375000 1.092527998754e-04 1.170737278618e+04 9.999988074092e-01 1.191328446909e-06 1.262289762999e-09 2.070302757458e+01
177849.264706 1.079944385690e-04 1.013515043129e+04 9.999988101825e-01 1.188583426482e-06 1.234030710160e-09 2.952182677477e+01
177964.154412 1.121481582948e-04 8.812929655096e+03 9.999988127879e-01 1.185943196042e-06 1.268852675817e-09 3.777824095976e+01
178079.044118 1.182633872331e-04 8.506395913819e+03 9.999988153730e-01 1.183295852493e-06 1.331076456000e-09 2.972221117958e+01
178193.933824 1.418681751843e-04 8.313777409542e+03 9.999988181088e-01 1.180301126915e-06 1.590020053079e-09 2.825620180551e+01
178308.823529 1.408474380872e-04 8.250193096940e+03 9.999988208540e-01 1.177572733202e-06 1.573143529994e-09 3.206333829522e+01
178423.713235 1.236708047449e-04 8.079310372209e+03 9.999988234556e-01 1.175168817850e-06 1.375528573808e-09 2.989502467172e+01
178538.602941 1.250031517260e-04 8.110746735723e+03 9.999988260265e-01 1.172586926251e-06 1.386520927675e-09 2.986308776500e+01
178653.492647 1.354340932383e-04 8.602246250332e+03 9.999988286919e-01 1.169805581230e-06 1.502469115486e-09 4.272416893838e+01
178768.382353 1.279842460841e-04 8.985011855647e+03 9.999988313529e-01 1.167227810075e-06 1.419183544772e-09 4.445464729329e+01
178883.272059 1.262585608912e-04 8.904327835373e+03 9.999988339946e-01 1.164609261516e-06 1.396052318675e-09 2.442134061308e+01
178998.161765 1.543348867546e-04 8.968835992297e+03 9.999988368301e-01 1.161466537278e-06 1.703299723547e-09 1.091391685822e+01
179113.051471 1.584923009224e-04 9.156363611224e+03 9.999988397506e-01 1.158502245610e-06 1.747041565634e-09 5.912310023744e+00
179227.941176 1.168484963478e-04 8.960673329352e+03 9.999988423669e-01 1.156349113057e-06 1.283876152360e-09 5.668278876907e+00
179342.830882 8.218394447975e-05 8.691320160516e+03 9.999988446344e-01 1.154466843598e-06 8.987197415873e-10 7.467915501075e+00
179457.720588 6.893102457212e-05 8.752686609395e+03 9.999988467366e-01 1.152510442247e-06 7.529137980288e-10 1.072190400988e+01
179572.610294 7.010819874895e-05 9.154607363032e+03 9.999988488329e-01 1.150400554732e-06 7.665214917304e-10 1.316953660626e+01
179687.500000 8.014738547362e-05 9.271943748101e+03 9.999988510125e-01 1.148111169420e-06 8.762368759235e-10 1.707222706041e+01
179802.389706 8.414720667070e-05 8.786225710518e+03 9.999988532229e-01 1.145860372609e-06 9.167081600945e-10 7.489304860471e+01
179917.279412 9.050039874057e-05 8.476436717406e+03 9.999988554573e-01 1.143558944817e-06 9.837276998127e-10 1.739334669669e+03
180032.169118 1.192058392810e-04 8.915102207313e+03 9.999988579077e-01 1.140795119403e-06 1.297123868146e-09 2.111037797037e+03
180147.058824 3.186631094959e-04 1.184105829606e+04 9.999988618564e-01 1.134642807783e-06 3.500556124060e-09 1.340975201871e+02
180261.948529 1.060376514018e-03 1.881276039765e+04 9.999839317630e-01 1.589497259687e-05 1.732552904346e-07 2.729226920816e+01
180376.838235 3.585922646945e-04 1.385774391312e+04 9.999988705180e-01 1.125538754025e-06 3.943059204958e-09 1.820391381349e+01
180491.727941 1.388961478122e-04 1.010912538676e+04 9.999988884324e-01 1.110084347858e-06 1.483219094729e-09 2.422736040504e+01
180606.617647 1.184253436392e-04 9.182447304008e+03 9.999988909564e-01 1.107786588825e-06 1.256904458021e-09 3.537162419021e+01
180721.507353 1.171703388297e-04 9.042890431100e+03 9.999988933819e-01 1.105377972782e-06 1.240068681826e-09 4.380589335937e+01
180836.397059 1.478394202741e-04 9.922969378335e+03 9.999988960527e-01 1.102378003719e-06 1.569220777060e-09 4.787351876444e+01
180951.286765 1.601557395051e-04 1.088352011460e+04 9.999988989332e-01 1.099362756910e-06 1.703993524018e-09 6.295475050021e+01
181066.176471 1.606258114821e-04 1.071780812277e+04 9.999989018927e-01 1.096404317397e-06 1.702858230549e-09 8.744301937249e+01
181181.066176 1.818782328460e-04 9.738988857625e+03 9.999989049386e-01 1.093148580645e-06 1.912727508846e-09 9.022749324738e+01
181295.955882 2.135629866355e-04 9.640487100220e+03 9.999989081714e-01 1.089592460790e-06 2.236040437905e-09 7.418514252577e+01
181410.845588 2.176424196022e-04 1.040509050774e+04 9.999989115225e-01 1.086198426856e-06 2.278972077109e-09 6.102512124972e+01
181525.735294 1.804653046979e-04 1.078986108008e+04 9.999989146693e-01 1.083443740425e-06 1.886812550025e-09 2.802579291967e+01
181640.625000 1.930912343880e-04 1.063387827598e+04 9.999989178451e-01 1.080144758771e-06 2.010016579907e-09 1.563595348909e+01
181755.514706 1.626571377797e-04 9.566027092685e+03 9.999989207534e-01 1.077567089102e-06 1.679371389445e-09 2.620190931579e+01
181870.404412 1.102632194113e-04 8.413638856971e+03 9.999989231189e-01 1.075753831704e-06 1.127224870005e-09 5.966661812826e+01
181985.294118 9.308731820820e-05 8.254368695905e+03 9.999989252293e-01 1.073822312502e-06 9.483167050556e-10 6.318467931973e+01
182100.183824 1.184183849956e-04 8.899264045097e+03 9.999989274941e-01 1.071298995700e-06 1.206850796651e-09 4.231825595496e+01
182215.073529 1.670440292606e-04 9.800846166291e+03 9.999989301828e-01 1.068111502717e-06 1.705650960418e-09 4.310725084290e+01
182329.963235 1.638292491151e-04 1.058567055793e+04 9.999989329950e-01 1.065330956026e-06 1.673930032871e-09 6.346986236037e+01
182444.852941 1.333990592001e-04 1.105593430745e+04 9.999989356272e-01 1.063011369116e-06 1.361405278153e-09 5.360770677706e+01
182559.742647 1.363776867851e-04 1.075523843135e+04 9.999989382398e-01 1.060374754774e-06 1.385324144373e-09 2.427447376251e+01
182674.632353 1.708059497230e-04 1.075061312971e+04 9.999989410710e-01 1.057199363819e-06 1.729575921195e-09 1.633460061463e+01
182789.522059 1.627256174895e-04 1.089930288707e+04 9.999989439093e-01 1.054448885676e-06 1.641731797240e-09 1.462857753498e+01
182904.411765 1.135501366452e-04 1.011976612110e+04 9.999989463685e-01 1.052495222759e-06 1.136171079133e-09 1.186656189914e+01
183019.301471 9.268827105868e-05 1.013444595643e+04 9.999989485331e-01 1.050543315767e-06 9.235577963940e-10 9.244467482298e+00
183134.191176 8.931632573421e-05 1.108945881317e+04 9.999989506428e-01 1.048465889641e-06 8.912647198007e-10 1.003333471464e+01
183249.080882 8.664682654382e-05 1.015398185124e+04 9.999989527472e-01 1.046395971278e-06 8.568171241943e-10 1.540047538707e+01
183363.970588 7.723492544667e-05 9.128051974689e+03 9.999989547148e-01 1.044527828135e-06 7.573349075836e-10 2.534940163212e+01
183478.860294 7.660694589484e-05 8.889310025053e+03 9.999989566261e-01 1.042625453735e-06 7.484538966636e-10 3.383677366862e+01
183593.750000 8.876205395153e-05 9.083670300855e+03 9.999989586096e-01 1.040522955054e-06 8.673818367224e-10 3.072220049467e+01
183708.639706 1.100906806978e-04 9.311873963405e+03 9.999989607554e-01 1.038169942715e-06 1.074612344178e-09 2.593295417813e+01
183823.529412 1.354190434231e-04 9.373202530341e+03 9.999989631012e-01 1.035579093701e-06 1.319601197310e-09 3.575439644741e+01
183938.419118 1.387104388850e-04 9.190947499586e+03 9.999989654950e-01 1.033159274001e-06 1.345687206792e-09 2.424566008560e+02
184053.308824 1.216920652016e-04 8.694109587869e+03 9.999989677509e-01 1.031075733227e-06 1.173323152994e-09 4.285623729648e+02
184168.198529 1.247480148141e-04 8.610351461805e+03 9.999989699715e-01 1.028830586622e-06 1.197841163419e-09 9.712778711104e+01
184283.088235 1.798717451900e-04 9.268846380206e+03 9.999989725626e-01 1.025709667405e-06 1.727637869338e-09 3.155763746366e+01
184397.977941 3.955157045234e-04 1.194972975494e+04 9.999989764635e-01 1.019716734040e-06 3.819505735511e-09 2.457973974192e+01
184512.867647 3.761455661238e-04 1.384639236198e+04 9.999989675506e-01 1.028759505055e-06 3.689662508991e-09 4.004746280034e+01
184627.757353 1.683439442784e-04 1.344070126021e+04 9.999989822128e-01 1.016162142254e-06 1.624938627867e-09 9.312638685011e+01
184742.647059 1.141562976328e-04 1.154954839436e+04 9.999989879507e-01 1.010965878953e-06 1.083395446585e-09 1.639603104342e+02
184857.536765 1.050587622487e-04 1.119163669509e+04 9.999989901876e-01 1.008820848161e-06 9.914706611641e-10 1.037472189052e+02
184972.426471 1.314022871423e-04 1.186880080925e+04 9.999989924498e-01 1.006310217598e-06 1.239928555088e-09 3.191477100008e+01
185087.316176 1.901293707823e-04 1.284963480475e+04 9.999989941597e-01 1.004041985287e-06 1.798253862199e-09 1.798895132709e+01
185202.205882 2.487011683837e-04 1.496043985219e+04 9.999989503387e-01 1.047180928652e-06 2.480229450047e-09 1.525414709383e+01
185317.095588 2.044055299598e-04 1.473414537799e+04 9.999989733270e-01 1.024677973376e-06 1.994938563795e-09 2.089765330324e+01
185431.985294 1.249010777576e-04 1.270556728713e+04 9.999990046783e-01 9.941483782119e-07 1.173235734659e-09 5.301595599006e+01
185546.875000 9.596969742065e-05 1.149226959595e+04 9.999990074702e-01 9.916335804623e-07 8.961982775125e-10 7.034285072594e+01
185661.764706 8.389613578770e-05 1.122288758788e+04 9.999990094722e-01 9.897454943069e-07 7.822879258884e-10 3.591026722631e+01
185776.654412 9.150587394585e-05 1.181437148322e+04 9.999990114231e-01 9.877199795454e-07 8.568994434281e-10 2.038732629714e+01
185891.544118 1.470309946298e-04 1.351685495037e+04 9.999990106807e-01 9.879258276448e-07 1.393427677814e-09 1.615485398957e+01
186006.433824 1.699347903787e-04 1.472116230178e+04 9.999989925882e-01 1.005757892050e-06 1.653776888857e-09 1.723938584429e+01
186121.323529 1.145716173646e-04 1.338841048808e+04 9.999990173283e-01 9.815881919008e-07 1.083452690740e-09 2.889038726160e+01
186236.213235 9.104539061161e-05 1.197468722910e+04 9.999990214259e-01 9.777204945441e-07 8.535250206411e-10 3.771992741738e+01
186351.102941 8.485158470927e-05 1.142245487854e+04 9.999990234800e-01 9.757262523864e-07 7.936907897580e-10 2.966988495323e+01
186465.992647 9.050058806566e-05 1.117025860820e+04 9.999990254670e-01 9.736865165543e-07 8.464792094639e-10 1.803348235572e+01
186580.882353 1.212487001346e-04 1.134697759146e+04 9.999990276356e-01 9.712271412406e-07 1.137231354159e-09 1.434229825352e+01
186695.772059 1.389789634000e-04 1.160907436274e+04 9.999990299746e-01 9.687188042881e-07 1.306496303662e-09 2.148957495789e+01
186810.661765 1.167067235611e-04 1.146659681899e+04 9.999990322728e-01 9.666305490874e-07 1.096624089315e-09 3.175445550323e+01
186925.551471 8.721630169900e-05 1.103817174928e+04 9.999990343107e-01 9.648720528353e-07 8.172365230967e-10 2.709099141778e+01
187040.441176 8.070764841739e-05 1.086556132525e+04 9.999990361976e-01 9.630467321347e-07 7.556530836780e-10 3.330095864942e+01
187155.330882 9.333841677901e-05 1.108489397755e+04 9.999990381412e-01 9.609831774405e-07 8.755465027225e-10 3.363045472605e+01
187270.220588 1.093437715511e-04 1.183453950116e+04 9.999990401599e-01 9.588098094227e-07 1.030203328676e-09 2.125181929726e+01
187385.110294 9.287334549018e-05 1.242926874020e+04 9.999990420210e-01 9.571017566768e-07 8.772170238034e-10 1.336847781378e+01
187500.000000 1.075449554085e-04 1.280390246616e+04 9.999990437552e-01 9.552265240341e-07 1.018187564387e-09 1.081828025351e+01
187614.889706 1.291995110338e-04 1.351710145056e+04 9.999990438185e-01 9.549514019611e-07 1.229995616142e-09 1.003726770550e+01
187729.779412 1.059811827837e-04 1.385136328499e+04 9.999990448472e-01 9.541414614609e-07 1.011277189349e-09 8.586041685861e+00
187844.669118 7.962273909604e-05 1.388830842387e+04 9.999990477504e-01 9.514919983527e-07 7.576037924169e-10 6.335396832312e+00
187959.558824 7.060186972024e-05 1.387732918955e+04 9.999990500762e-01 9.492530031268e-07 6.707248478207e-10 4.696866860860e+00
188074.448529 6.597441086721e-05 1.382056311371e+04 9.999990523334e-01 9.470403503599e-07 6.261875082229e-10 4.392052130141e+00
188189.338235 5.891435770018e-05 1.398498007349e+04 9.999990536952e-01 9.457457026871e-07 5.590494862969e-10 4.925539092886e+00
188304.227941 5.052006039804e-05 1.467779139041e+04 9.999990512756e-01 9.482428618934e-07 4.815031883466e-10 6.555579226527e+00
188419.117647 4.495062039440e-05 1.543561372733e+04 9.999990424990e-01 9.570668730457e-07 4.340732991315e-10 9.891023419665e+00
188534.007353 4.573503355026e-05 1.568135609582e+04 9.999990373427e-01 9.622128722503e-07 4.444388339570e-10 1.569539511090e+01
188648.897059 5.052111959692e-05 1.560195543842e+04 9.999990389745e-01 9.605346417126e-07 4.907866060606e-10 2.460209144361e+01
188763.786765 6.087745882796e-05 1.537160361883e+04 9.999990431783e-01 9.562323336877e-07 5.893430121069e-10 2.925444668438e+01
188878.676471 7.641133280017e-05 1.509176765717e+04 9.999990479531e-01 9.513110948600e-07 7.357618025175e-10 2.236426204460e+01
188993.566176 9.720166456758e-05 1.493629160702e+04 9.999990494531e-01 9.496123799604e-07 9.344493692476e-10 1.340283020049e+01
189108.455882 1.072429310394e-04 1.483568424362e+04 9.999990524566e-01 9.465168731179e-07 1.026479673040e-09 8.314681704207e+00
189223.345588 9.312036645170e-05 1.466456789044e+04 9.999990605620e-01 9.385562256497e-07 8.817510477644e-10 5.724827044044e+00
189338.235294 7.154487588548e-05 1.449873756248e+04 9.999990675446e-01 9.317849378763e-07 6.704396345421e-10 4.508037645359e+00
189453.125000 5.703022638620e-05 1.441254405527e+04 9.999990715928e-01 9.278768066305e-07 5.303168542900e-10 5.150174427358e+00
189568.014706 4.714443267700e-05 1.423425330427e+04 9.999990751984e-01 9.243667201878e-07 4.348870406804e-10 8.307006498850e+00
189682.904412 4.549581671586e-05 1.374126499385e+04 9.999990786521e-01 9.209317633840e-07 4.161277625714e-10 1.175721805755e+01
189797.794118 5.632138768262e-05 1.368733407543e+04 9.999990800669e-01 9.194182508055e-07 5.147818312632e-10 1.660151369165e+01
189912.683824 6.589108925074e-05 1.491354100153e+04 9.999990708614e-01 9.285279484982e-07 6.106326087384e-10 2.406971977784e+01
190027.573529 7.742162056808e-05 1.558963856584e+04 9.999990491230e-01 9.501407458343e-07 7.362137714723e-10 2.248650297969e+01
190142.463235 9.459973053604e-05 1.598382124575e+04 9.999990153875e-01 9.836789280424e-07 9.335006538269e-10 1.222518007772e+01
190257.352941 9.067607663260e-05 1.597766101401e+04 9.999990210943e-01 9.780178735374e-07 8.877754079117e-10 9.954943980739e+00
190372.242647 6.353390887535e-05 1.600342661955e+04 9.999990421202e-01 9.572734909153e-07 6.062783225019e-10 1.263767867112e+01
190487.132353 6.008134617892e-05 1.586364954096e+04 9.999990538751e-01 9.455604496404e-07 5.644597673501e-10 1.304080828943e+01
190602.022059 7.051375917895e-05 1.553738104557e+04 9.999990641941e-01 9.351512331196e-07 6.546615160427e-10 9.120585211589e+00
190716.911765 7.098396561156e-05 1.553962887693e+04 9.999990657296e-01 9.336128171877e-07 6.575557876110e-10 5.667287697721e+00
190831.801471 5.553089082860e-05 1.595829647096e+04 9.999990578234e-01 9.416579861180e-07 5.185792255983e-10 3.816882615566e+00
190946.691176 4.298048269331e-05 1.643285936395e+04 9.999990453149e-01 9.542784515097e-07 4.066463693372e-10 2.658667126814e+00
191061.580882 3.694085093326e-05 1.659847930069e+04 9.999990448914e-01 9.547590503347e-07 3.495194083862e-10 1.979523854445e+00
191176.470588 3.058744835725e-05 1.679626135573e+04 9.999990447006e-01 9.550101464917e-07 2.892039083216e-10 1.811411070232e+00
191291.360294 2.674422504017e-05 1.716362536483e+04 9.999990289174e-01 9.708251709880e-07 2.573669401451e-10 2.127131159235e+00
191406.250000 2.776425331066e-05 1.749826264923e+04 9.999989950234e-01 1.004698977893e-06 2.776326899445e-10 2.668106155459e+00
191521.139706 3.105860398068e-05 1.773648200041e+04 9.999989498756e-01 1.049798782119e-06 3.256076518075e-10 2.930039567153e+00
191636.029412 3.254932355023e-05 1.798789787577e+04 9.999988977193e-01 1.101920961325e-06 3.597100233629e-10 2.845442368536e+00
191750.919118 3.215743065032e-05 1.829892989808e+04 9.999988303355e-01 1.169285870033e-06 3.785666121495e-10 2.844080691342e+00
191865.808824 3.270660661257e-05 1.850875962273e+04 9.999987662913e-01 1.233301420403e-06 4.072828461857e-10 3.115598741693e+00
191980.698529 3.498163929759e-05 1.844667953067e+04 9.999987634672e-01 1.236095513959e-06 4.372232870576e-10 3.493749528420e+00
192095.588235 3.694250193321e-05 1.820249522156e+04 9.999988200329e-01 1.179527436348e-06 4.396644660060e-10 4.114649725047e+00
192210.477941 4.062952434327e-05 1.796357934208e+04 9.999988574226e-01 1.142109218235e-06 4.681707335532e-10 6.229141521434e+00
192325.367647 5.388664548136e-05 1.773718950730e+04 9.999988414291e-01 1.157939281701e-06 6.315450334657e-10 1.457486739540e+01
192440.257353 8.369396499323e-05 1.752764094882e+04 9.999987703545e-01 1.228601157765e-06 1.044277148550e-09 4.620870435755e+01
192555.147059 1.387546267668e-04 1.758697935593e+04 9.999985067069e-01 1.491180565436e-06 2.112473998340e-09 1.076774020717e+02
192670.036765 2.029150944076e-04 1.722949912731e+04 9.999984999436e-01 1.496958397383e-06 3.097870857579e-09 8.017559181284e+01
192784.926471 1.437797325201e-04 1.568118030660e+04 9.999990518243e-01 9.468139733591e-07 1.361653489723e-09 2.017938252865e+01
192899.816176 6.117980346478e-05 1.486174141139e+04 9.999991183033e-01 8.811632138262e-07 5.334721866454e-10 7.353327065578e+00
193014.705882 5.200158430225e-05 1.498416440392e+04 9.999991198220e-01 8.797262221050e-07 4.518003565099e-10 8.959301332738e+00
193129.595588 6.172766714060e-05 1.430828430633e+04 9.999991273580e-01 8.721114982982e-07 5.305016579291e-10 8.834686520651e+00
193244.485294 6.274616570015e-05 1.416439051274e+04 9.999991298595e-01 8.696040465895e-07 5.363844197657e-10 6.804969101972e+00
193359.375000 5.654849279031e-05 1.337560044799e+04 9.999991344163e-01 8.651053872056e-07 4.783344908513e-10 5.097143760903e+00
193474.264706 5.137106970313e-05 1.258695598825e+04 9.999991366849e-01 8.628836327814e-07 4.314720317709e-10 4.850500888533e+00
193589.154412 5.356669119714e-05 1.242408661673e+04 9.999991381959e-01 8.613555706425e-07 4.485091276369e-10 6.117576790104e+00
193704.044118 6.164442973434e-05 1.244518210304e+04 9.999991396682e-01 8.598169178069e-07 5.148183769371e-10 8.835966838139e+00
193818.933824 7.278169501342e-05 1.251508770119e+04 9.999991411848e-01 8.582080761182e-07 6.071209529106e-10 1.330559158769e+01
193933.823529 1.134884032826e-04 1.248344539183e+04 9.999991429133e-01 8.561409521842e-07 9.456473533793e-10 3.567013848607e+01
194048.713235 2.211013188363e-04 1.310324945641e+04 9.999991434446e-01 8.547091004942e-07 1.846199143333e-09 1.222288641092e+02
194163.602941 2.156880928011e-04 1.334269894187e+04 9.999991450894e-01 8.531123192003e-07 1.798189770093e-09 1.193478600538e+02
194278.492647 1.347432299112e-04 1.440518752510e+04 9.999991387465e-01 8.601174486612e-07 1.136011658373e-09 5.449307817883e+01
194393.382353 1.276055044639e-04 1.505082929833e+04 9.999991241676e-01 8.747351168913e-07 1.097254565257e-09 4.722575093263e+01
194508.272059 1.352911401120e-04 1.316232032303e+04 9.999991537757e-01 8.451098610346e-07 1.114352826024e-09 3.920322310660e+01
194623.161765 1.042310783575e-04 1.186159881233e+04 9.999991572547e-01 8.418949942523e-07 8.502647740113e-10 3.572682955449e+01
194738.051471 1.206216544196e-04 1.080531782585e+04 9.999991592056e-01 8.398173645819e-07 9.769930337560e-10 5.053757634627e+01
194852.941176 1.474450003878e-04 1.038641670144e+04 9.999991611992e-01 8.376109216247e-07 1.189838094892e-09 4.763840890799e+01
194967.830882 1.438367083774e-04 9.916471104665e+03 9.999991631762e-01 8.356680789607e-07 1.155612724029e-09 4.207175733092e+01
195082.720588 1.415618110863e-04 9.575619830570e+03 9.999991650989e-01 8.337680235666e-07 1.132978750498e-09 3.344360347313e+01
195197.610294 1.315220670362e-04 9.377311233975e+03 9.999991669427e-01 8.320082873992e-07 1.048941370553e-09 1.858990041348e+01
195312.500000 9.677650720525e-05 9.079894308207e+03 9.999991685746e-01 8.306572383362e-07 7.681117511462e-10 1.147816586587e+01
195427.389706 7.403203394371e-05 8.881869668077e+03 9.999991700340e-01 8.293805129693e-07 5.854593145644e-10 1.024668911640e+01
195542.279412 6.995340993124e-05 8.906786697950e+03 9.999991714407e-01 8.280074065993e-07 5.519049532030e-10 1.091675329602e+01
195657.169118 7.340361250979e-05 8.883987330518e+03 9.999991728569e-01 8.265653567654e-07 5.776964825377e-10 1.254251686078e+01
195772.058824 7.967697770977e-05 8.537077658271e+03 9.999991742977e-01 8.250776166947e-07 6.246534458797e-10 1.563014953332e+01
195886.948529 8.869567620261e-05 8.151431008006e+03 9.999991757714e-01 8.235355823305e-07 6.929901865466e-10 1.603839133129e+01
196001.838235 8.892992644203e-05 8.027878068002e+03 9.999991772407e-01 8.220668366202e-07 6.924129141478e-10 1.359794552516e+01
196116.727941 8.202715655659e-05 8.065393314538e+03 9.999991786715e-01 8.206920236224e-07 6.364330111357e-10 1.336787940513e+01
196231.617647 8.336013637070e-05 8.290745808100e+03 9.999991801047e-01 8.192491965754e-07 6.461041657146e-10 1.533128234447e+01
196346.507353 9.245631059164e-05 8.551139011463e+03 9.999991815894e-01 8.176950844457e-07 7.155114424759e-10 1.641906867280e+01
196461.397059 9.669033504626e-05 8.700941580677e+03 9.999991831083e-01 8.161449013006e-07 7.467867716460e-10 1.759970142357e+01
196576.286765 9.778699226974e-05 8.913805266063e+03 9.999991846408e-01 8.146055956192e-07 7.535285378370e-10 2.375383486540e+01
196691.176471 1.102554746263e-04 9.383212642979e+03 9.999991862490e-01 8.129017220102e-07 8.492793739555e-10 3.128296451868e+01
196806.066176 1.238997614152e-04 9.768107127506e+03 9.999991879570e-01 8.110897892296e-07 9.531502992657e-10 2.975207422800e+01
196920.955882 1.158991803654e-04 9.929867170867e+03 9.999991896497e-01 8.094613681170e-07 8.889340243214e-10 3.852584418040e+01
197035.845588 1.231901409108e-04 1.034447845392e+04 9.999991913770e-01 8.076800683610e-07 9.428407752041e-10 1.000155423934e+02
197150.735294 2.023936821656e-04 1.123575295928e+04 9.999991935290e-01 8.049206059819e-07 1.550335983646e-09 1.088513741250e+02
197265.625000 2.252912225436e-04 1.223371596835e+04 9.999991956015e-01 8.026722005350e-07 1.726237417997e-09 2.367378135348e+01
197380.514706 1.089936845027e-04 1.127734761146e+04 9.999991979652e-01 8.012067159712e-07 8.279947527501e-10 8.334798812879e+00
197495.404412 6.272677237800e-05 1.056183778838e+04 9.999991994127e-01 8.001147217605e-07 4.725125440065e-10 1.173144691052e+01
197610.294118 6.860737399696e-05 1.129358477015e+04 9.999992007760e-01 7.987067840901e-07 5.171898597589e-10 1.998709086967e+01
197725.183824 8.993628551940e-05 1.169512102490e+04 9.999992022492e-01 7.970720941522e-07 6.786266419031e-10 2.232208444447e+01
197840.073529 1.046000656859e-04 1.173959272704e+04 9.999992038643e-01 7.953472934413e-07 7.883260802799e-10 1.395440705504e+01
197954.963235 8.452633347687e-05 1.344198958926e+04 9.999992038517e-01 7.955075549402e-07 6.407221521780e-10 8.990518955079e+00
198069.852941 6.531391333097e-05 1.381538432945e+04 9.999992046149e-01 7.948909534267e-07 4.941380640222e-10 8.359726719241e+00
198184.742647 6.068753850298e-05 1.384578492633e+04 9.999992060752e-01 7.934666379603e-07 4.581817972239e-10 9.640675121285e+00
198299.632353 6.460734676438e-05 1.384459141845e+04 9.999992073434e-01 7.921700146659e-07 4.865461639355e-10 1.170497122651e+01
198414.522059 7.307546458152e-05 1.361205073393e+04 9.999992093491e-01 7.901023674676e-07 5.484818902529e-10 1.290264416107e+01
198529.411765 7.730934206484e-05 1.338364093732e+04 9.999992113681e-01 7.880537274028e-07 5.781808677807e-10 1.318487800324e+01
198644.301471 7.409460233520e-05 1.341796915539e+04 9.999992128213e-01 7.866254350523e-07 5.531906901535e-10 1.522802001575e+01
198759.191176 7.840719497638e-05 1.370905599689e+04 9.999992133208e-01 7.860934328249e-07 5.857161657090e-10 1.724089356647e+01
198874.080882 7.997498628101e-05 1.390260591826e+04 9.999992139066e-01 7.854962007485e-07 5.971437126884e-10 2.353767260832e+01
198988.970588 9.236411257562e-05 1.430580294911e+04 9.999992117026e-01 7.876042203179e-07 6.931057436720e-10 3.061546670751e+01
199103.860294 1.143191426771e-04 1.496511520195e+04 9.999991979845e-01 8.011395465663e-07 8.758978718723e-10 2.542117739547e+01
199218.750000 1.094573190998e-04 1.516812244290e+04 9.999991939400e-01 8.052164718591e-07 8.434733573740e-10 1.343892318933e+01
199333.639706 7.746470204063e-05 1.495929639662e+04 9.999992088395e-01 7.905766582536e-07 5.837987490397e-10 7.893369455655e+00
199448.529412 5.629394734949e-05 1.513195381426e+04 9.999992115093e-01 7.880682893589e-07 4.223436811227e-10 7.738157419101e+00
199563.419118 5.111830162328e-05 1.525800853154e+04 9.999992118355e-01 7.877816021142e-07 3.828993590527e-10 2.106282254364e+01
199678.308824 7.801298639647e-05 1.497464286968e+04 9.999992125836e-01 7.868315936531e-07 5.848097825110e-10 6.858956609581e+01
199793.198529 1.495258195860e-04 1.566184614275e+04 9.999991564257e-01 8.423623709750e-07 1.211865790371e-09 1.291134881668e+02
199908.088235 2.229149951193e-04 1.622625813406e+04 9.999990148817e-01 9.829938099528e-07 2.124377944719e-09 1.099015399455e+02
200022.977941 2.006528421466e-04 1.576026694647e+04 9.999991232152e-01 8.750884246890e-07 1.696317736182e-09 1.179702661543e+02
200137.867647 2.012126823676e-04 1.565744745634e+04 9.999991384417e-01 8.598797227948e-07 1.678460635237e-09 7.200232108391e+02
200252.757353 2.323021608871e-04 1.552162864862e+04 9.999991423484e-01 8.556942367258e-07 1.957208416276e-09 1.098751598455e+03
200367.647059 3.635309968944e-04 1.719666801636e+04 9.999981380583e-01 1.854880830931e-06 7.060526496083e-09 2.832972846002e+02
200482.536765 5.710303378334e-04 1.938504956569e+04 9.999862866822e-01 1.363313672051e-05 8.017702476113e-08 7.776810663438e+01
200597.426471 4.112320139368e-04 1.782101297334e+04 9.999970137208e-01 2.973991919234e-06 1.228666788126e-08 3.990476147944e+01
200712.316176 2.136456561248e-04 1.571175402737e+04 9.999991430609e-01 8.551286374869e-07 1.810341186006e-09 2.438461187256e+01
200827.205882 1.467329963794e-04 1.457344718433e+04 9.999992433669e-01 7.555526431196e-07 1.080401243100e-09 3.446288703433e+01
200942.095588 1.012468996781e-04 1.411558157991e+04 9.999992561895e-01 7.430783337841e-07 7.321414754462e-10 2.571060809826e+01
201056.985294 1.208581705960e-04 1.431685478633e+04 9.999992541605e-01 7.449590370661e-07 8.804508901857e-10 2.193907108459e+01
201171.875000 1.083907945114e-04 1.424832045950e+04 9.999992576717e-01 7.415403478597e-07 7.878965856485e-10 1.793020307837e+01
201286.764706 1.082364965239e-04 1.457384490515e+04 9.999992544725e-01 7.447342094598e-07 7.932438631875e-10 1.792299691568e+01
201401.654412 9.004088139928e-05 1.426850686801e+04 9.999992619932e-01 7.373536839707e-07 6.530837782187e-10 2.045274175487e+01
201516.544118 9.262989544938e-05 1.466458786863e+04 9.999992578615e-01 7.414611787249e-07 6.772930104766e-10 1.625246028494e+01
201631.433824 8.306174166945e-05 1.480551036335e+04 9.999992581732e-01 7.412186382856e-07 6.080982586919e-10 1.432570556554e+01
201746.323529 8.133585586701e-05 1.485775883817e+04 9.999992589144e-01 7.404908426009e-07 5.947661637258e-10 1.228517705679e+01
201861.213235 8.109984347824e-05 1.502546688201e+04 9.999992567318e-01 7.426734971476e-07 5.947151043701e-10 1.334816909685e+01
201976.102941 8.031406929933e-05 1.500444829253e+04 9.999992588820e-01 7.405319094518e-07 5.860939032975e-10 1.690700160971e+01
202090.992647 1.041551270787e-04 1.533379494180e+04 9.999992430872e-01 7.561367773040e-07 7.759375609507e-10 3.102247757035e+01
202205.882353 1.528537839689e-04 1.582515018807e+04 9.999991853266e-01 8.134476843104e-07 1.225608479781e-09 7.998111906370e+01
202320.772059 2.564193660482e-04 1.732550927688e+04 9.999984312613e-01 1.564728036831e-06 4.010489962396e-09 3.233352828132e+02
202435.661765 3.872473740059e-04 1.845587449023e+04 9.999954673562e-01 4.515100208478e-06 1.754271573016e-08 4.996743269543e+02
202550.551471 3.138933835740e-04 1.786571121218e+04 9.999975302710e-01 2.462080582748e-06 7.648009146815e-09 1.502658107840e+02
202665.441176 1.673009225782e-04 1.619317610496e+04 9.999991370989e-01 8.615233541175e-07 1.377692583143e-09 2.571976882830e+01
202780.330882 8.332471835642e-05 1.438137890223e+04 9.999992867703e-01 7.126769757483e-07 5.526524937581e-10 1.552959363832e+01
202895.220588 7.673131996287e-05 1.376782971012e+04 9.999992926202e-01 7.068811089233e-07 4.986674248572e-10 1.310570496554e+01
203010.110294 7.766974063485e-05 1.385744230320e+04 9.999992935132e-01 7.059835692346e-07 5.031630244477e-10 9.210818826034e+00
203125.000000 7.084063925219e-05 1.252606072809e+04 9.999992974081e-01 7.021430064082e-07 4.488535435401e-10 7.431804406370e+00
203239.889706 6.856188982283e-05 9.950705729446e+03 9.999992988375e-01 7.007362192409e-07 4.262787836856e-10 6.163151533287e+00
203354.779412 6.801058187399e-05 9.335058519052e+03 9.999992999648e-01 6.996154472228e-07 4.197516685655e-10 5.506050838054e+00
203469.669118 6.417430171031e-05 1.003699676685e+04 9.999993010755e-01 6.985263915438e-07 3.980883874804e-10 6.085465043156e+00
203584.558824 6.026203365871e-05 1.124308496390e+04 9.999993021751e-01 6.974471465376e-07 3.777786140760e-10 7.776510090197e+00
203699.448529 6.128785655292e-05 1.268058089544e+04 9.999993030319e-01 6.965787352849e-07 3.893787229668e-10 1.244277722691e+01
203814.338235 7.345006599014e-05 1.288243310864e+04 9.999993040218e-01 6.955041800872e-07 4.739516984275e-10 2.326961171442e+01
203929.227941 9.777272162400e-05 1.299339022093e+04 9.999993050375e-01 6.943196081623e-07 6.428886037265e-10 4.147973362462e+01
204044.117647 1.280667047374e-04 1.409566670661e+04 9.999993001671e-01 6.989629850295e-07 8.698824641939e-10 6.518324838575e+01
204159.007353 1.577402923948e-04 1.489422602490e+04 9.999992799189e-01 7.189531919383e-07 1.127856477262e-09 5.806308274427e+01
204273.897059 1.388552989735e-04 1.590907884577e+04 9.999992133504e-01 7.855398309923e-07 1.109742671571e-09 4.236285468157e+01
204388.786765 1.193371303861e-04 1.477321715054e+04 9.999992935445e-01 7.055927971990e-07 8.626676481326e-10 4.748807281265e+01
204503.676471 1.418701774148e-04 1.323621864138e+04 9.999993125585e-01 6.864372215912e-07 1.004257130813e-09 3.700446790774e+01
204618.566176 1.230462448528e-04 1.254092207969e+04 9.999993158103e-01 6.833165241979e-07 8.731581250266e-10 2.764975145310e+01
204733.455882 1.021010657093e-04 1.427797352988e+04 9.999993094947e-01 6.897622814194e-07 7.430259641306e-10 2.331011128039e+01
204848.345588 9.292284925733e-05 1.565860412769e+04 9.999992687181e-01 7.305561835719e-07 7.256658968422e-10 2.073273853958e+01
204963.235294 9.064987971088e-05 1.619835736856e+04 9.999992253467e-01 7.738964833616e-07 7.567649167869e-10 2.593636771950e+01
205078.125000 1.084692846360e-04 1.644720251513e+04 9.999991692643e-01 8.297567942034e-07 9.788195081564e-10 3.019570550084e+01
205193.014706 1.123961118776e-04 1.633223094395e+04 9.999991845851e-01 8.144172415408e-07 9.976066476855e-10 3.157642626948e+01
205307.904412 1.079239983947e-04 1.639440743394e+04 9.999991815120e-01 8.175235874147e-07 9.643586114479e-10 3.037504212377e+01
205422.794118 8.790957528301e-05 1.692715934594e+04 9.999991145169e-01 8.846279590191e-07 8.551037305735e-10 2.197828118625e+01
205537.683824 6.930744727633e-05 1.729150175214e+04 9.999990821451e-01 9.171539900940e-07 7.008877368203e-10 1.450777506374e+01
205652.573529 6.200835445131e-05 1.709627512746e+04 9.999991500962e-01 8.493242675267e-07 5.795064649178e-10 1.161863079470e+01
205767.463235 6.538447722572e-05 1.696240535622e+04 9.999991664487e-01 8.329512468253e-07 6.000119274907e-10 1.195951816986e+01
205882.352941 8.014171247198e-05 1.737704610044e+04 9.999990194831e-01 9.796445142328e-07 8.723465862539e-10 1.731202278811e+01
205997.242647 7.786498135899e-05 1.783959191556e+04 9.999988504930e-01 1.148507434513e-06 9.995056639485e-10 1.954128915752e+01
206112.132353 6.632737478304e-05 1.754123922723e+04 9.999990290386e-01 9.702454261206e-07 7.159256368993e-10 1.559804873146e+01
206227.022059 6.609303625422e-05 1.711297063660e+04 9.999991401263e-01 8.592436935975e-07 6.299635204710e-10 1.210080117917e+01
206341.911765 7.582723574720e-05 1.690271705727e+04 9.999991575941e-01 8.416977015061e-07 7.081975866243e-10 1.300899219244e+01
206456.801471 9.246913376538e-05 1.692932024544e+04 9.999991125276e-01 8.865596187193e-07 9.127391393191e-10 1.741744281043e+01
206571.691176 1.030663189859e-04 1.708119611242e+04 9.999990430807e-01 9.558185361167e-07 1.100731192492e-09 2.536626090477e+01
206686.580882 1.022034891743e-04 1.694694492459e+04 9.999990865360e-01 9.124231093235e-07 1.040824580331e-09 3.137625894901e+01
206801.470588 1.283423632441e-04 1.711133709271e+04 9.999989606435e-01 1.037863224403e-06 1.493240582204e-09 3.177841816174e+01
206916.360294 1.642085634826e-04 1.783436210814e+04 9.999983216085e-01 1.675270800476e-06 3.120578188597e-09 4.619758455849e+01
207031.250000 1.457642171709e-04 1.781097098221e+04 9.999984594665e-01 1.537993032788e-06 2.540385100468e-09 7.135232207608e+01
207146.139706 8.917355857988e-05 1.698988855047e+04 9.999991159769e-01 8.831436496528e-07 8.793588467586e-10 6.531547278736e+01
207261.029412 5.840235162639e-05 1.644874252400e+04 9.999992673165e-01 7.322102657128e-07 4.732042154979e-10 4.139732367057e+01
207375.919118 5.078783158671e-05 1.613645105097e+04 9.999993017454e-01 6.978637456603e-07 3.908213579216e-10 1.751754706456e+01
207490.808824 4.733365804921e-05 1.568239974366e+04 9.999993264421e-01 6.732077914795e-07 3.500701378734e-10 8.738109539127e+00
207605.698529 7.378921092119e-05 1.603482174678e+04 9.999992891730e-01 7.102468930676e-07 5.801157978363e-10 7.303500379533e+00
207720.588235 1.197894090790e-04 1.675257872078e+04 9.999991125949e-01 8.862175026494e-07 1.187552295948e-09 6.423631583070e+00
207835.477941 2.059754835794e-04 1.723356433117e+04 9.999986551145e-01 1.341759104133e-06 3.126218732046e-09 1.150705814216e+01
207950.367647 3.324843241205e-04 1.784426014615e+04 9.999972560159e-01 2.733596219849e-06 1.038739533691e-08 2.764098742784e+01
208065.257353 4.104117070583e-04 1.879811789489e+04 9.999930736218e-01 6.893848793687e-06 3.252776857033e-08 5.879458043638e+01
208180.147059 4.837519606925e-04 1.941938690238e+04 9.999867078767e-01 1.321821909521e-05 7.390046442762e-08 1.694610826746e+02
208295.036765 1.854013616497e-04 1.789860484275e+04 9.999981391859e-01 1.856893148039e-06 3.920743869114e-09 4.425980490227e+02
208409.926471 2.447383057535e-04 1.787356160687e+04 9.999977828354e-01 2.210985737017e-06 6.178593143541e-09 9.431920562843e+02
208524.816176 4.799851195834e-04 1.898821878194e+04 9.999906573126e-01 9.291214576127e-06 5.147019776643e-08 4.258721081570e+02
208639.705882 2.392538318400e-04 1.752268372530e+04 9.999982821483e-01 1.713184092533e-06 4.667368115692e-09 3.615601698515e+02
208754.595588 1.038557781302e-04 1.662596764911e+04 9.999992015419e-01 7.975315861003e-07 9.265027108713e-10 6.833388651183e+02
208869.485294 7.881370537642e-05 1.680047376863e+04 9.999992178455e-01 7.814662377847e-07 6.882086053801e-10 2.022654046013e+02
208984.375000 7.889135610302e-05 1.736650617255e+04 9.999990799052e-01 9.192796031646e-07 8.151607838453e-10 2.675043121201e+01
209099.264706 9.859105458813e-05 1.829247328430e+04 9.999984360615e-01 1.562183363280e-06 1.755014908784e-09 1.988022596991e+01
209214.154412 1.219762922282e-04 1.880770218819e+04 9.999975088220e-01 2.487695556580e-06 3.482232871390e-09 2.873563922926e+01
209329.044118 1.131880164772e-04 1.855324826251e+04 9.999980021877e-01 1.995229421677e-06 2.582749948285e-09 4.243623928356e+01
209443.933824 9.732827642035e-05 1.920793445958e+04 9.999972780122e-01 2.718951914076e-06 3.035763785949e-09 4.236069098788e+01
209558.823529 9.064658832468e-05 2.037255718457e+04 9.999943949664e-01 5.599172581219e-06 5.860725994934e-09 3.399623663384e+01
209673.713235 7.918403831320e-05 2.099715674215e+04 9.999924953848e-01 7.497750981686e-06 6.863851890801e-09 2.824497553269e+01
209788.602941 8.545761782718e-05 2.119424965937e+04 9.999908328461e-01 9.158094924357e-06 9.058559481016e-09 2.473119779195e+01
209903.492647 1.027940220495e-04 2.112272414840e+04 9.999896008188e-01 1.038682324442e-05 1.235731547843e-08 2.260526006835e+01
210018.382353 8.930609369065e-05 2.076514621804e+04 9.999928297486e-01 7.162876002820e-06 7.375018674668e-09 2.815786796233e+01
210133.272059 7.722478527522e-05 2.055853892725e+04 9.999945344611e-01 5.460694920952e-06 4.843717571198e-09 3.527220806972e+01
210248.161765 1.028974557961e-04 1.902821605703e+04 9.999974979002e-01 2.499172339789e-06 2.927359921722e-09 2.841943661671e+01
210363.051471 1.768550694040e-04 1.479188735683e+04 9.999993747734e-01 6.240188606549e-07 1.207626428102e-09 2.575258792614e+01
210477.941176 2.025206324788e-04 1.438199532226e+04 9.999993882487e-01 6.104058014834e-07 1.345447207694e-09 4.027394877886e+01
210592.830882 1.477249978075e-04 1.483669446492e+04 9.999993821258e-01 6.168839488023e-07 9.902380176751e-10 9.416350726965e+01
210707.720588 8.830304847013e-05 1.438279181026e+04 9.999994026058e-01 5.968244852840e-07 5.696523072966e-10 1.176046411090e+02
210822.610294 4.835231799685e-05 1.631316564517e+04 9.999993530995e-01 6.465575785149e-07 3.429443710793e-10 5.930632126940e+01
210937.500000 4.403534753303e-05 1.528807689774e+04 9.999993979786e-01 6.017321680847e-07 2.891812488189e-10 1.999690725245e+01
211052.389706 4.709788591406e-05 1.747436258812e+04 9.999992101985e-01 7.893872510408e-07 4.142544786391e-10 6.888539982667e+00
211167.279412 5.165176366259e-05 1.795814121390e+04 9.999990525951e-01 9.468541687575e-07 5.507344867671e-10 6.205121638608e+00
211282.169118 5.879722545366e-05 1.641544057649e+04 9.999993341518e-01 6.654122312031e-07 4.359188911688e-10 7.304559269396e+00
211397.058824 6.798341567743e-05 1.581212916929e+04 9.999993707583e-01 6.287656275532e-07 4.760705748632e-10 8.663328681709e+00
211511.948529 8.337152307422e-05 1.594086126869e+04 9.999993514481e-01 6.479474023559e-07 6.044156213545e-10 1.106843838543e+01
211626.838235 8.855402494598e-05 1.606191913693e+04 9.999993371567e-01 6.621848435630e-07 6.584595316190e-10 1.500768776393e+01
211741.727941 7.520823569285e-05 1.591416702527e+04 9.999993622353e-01 6.372273138107e-07 5.373314065042e-10 2.210377550036e+01
211856.617647 5.511072118523e-05 1.621441213539e+04 9.999993605019e-01 6.391028062220e-07 3.953075555946e-10 2.415253407796e+01
211971.507353 3.917342699204e-05 1.694042905833e+04 9.999993244883e-01 6.752144011554e-07 2.972525005203e-10 1.699699328628e+01
212086.397059 3.077336992898e-05 1.752510998868e+04 9.999992817218e-01 7.180291397106e-07 2.490617417171e-10 9.136132762109e+00
212201.286765 2.763326284560e-05 1.774550165799e+04 9.999992657143e-01 7.340567032791e-07 2.289848828565e-10 4.779084738525e+00
212316.176471 2.763323691652e-05 1.781323667813e+04 9.999992556384e-01 7.441293399738e-07 2.322462833280e-10 2.932837913738e+00
212431.066176 2.849715201970e-05 1.771330594767e+04 9.999992671942e-01 7.325696451414e-07 2.361361599856e-10 2.164241694816e+00
212545.955882 2.967472059466e-05 1.763696785276e+04 9.999992735339e-01 7.262224634434e-07 2.436611420554e-10 1.958672366249e+00
212660.845588 3.046042737067e-05 1.749372040936e+04 9.999992909422e-01 7.088130615214e-07 2.447298489800e-10 2.080525505076e+00
212775.735294 3.163840339529e-05 1.726359915572e+04 9.999993161788e-01 6.835759665116e-07 2.452015264222e-10 2.349969037006e+00
212890.625000 3.415063066314e-05 1.690798704293e+04 9.999993462619e-01 6.534857156639e-07 2.523748348724e-10 2.631495441065e+00
213005.514706 3.768437847929e-05 1.659463584055e+04 9.999993650736e-01 6.346553046337e-07 2.710867870829e-10 2.671889696930e+00
213120.404412 4.004015045303e-05 1.653947273381e+04 9.999993659066e-01 6.338051288770e-07 2.882273991789e-10 2.598461533593e+00
213235.294118 3.909788832919e-05 1.666188902643e+04 9.999993589853e-01 6.407300863220e-07 2.845754539956e-10 2.668416837187e+00
213350.183824 3.423018957013e-05 1.670625272612e+04 9.999993658009e-01 6.339527022086e-07 2.463456583413e-10 3.173249637186e+00
213465.073529 2.967670902040e-05 1.655613429198e+04 9.999993846139e-01 6.151790486609e-07 2.070396872835e-10 4.062753952424e+00
213579.963235 2.747845597893e-05 1.623755632889e+04 9.999994030994e-01 5.967149917236e-07 1.856135605509e-10 4.720899841737e+00
213694.852941 2.889211051627e-05 1.600881064790e+04 9.999994101246e-01 5.896822118220e-07 1.932212729545e-10 4.409724127436e+00
213809.742647 3.595874140362e-05 1.592619253834e+04 9.999994076300e-01 5.921278440054e-07 2.421923917566e-10 3.348950961773e+00
213924.632353 5.276244694164e-05 1.587832913639e+04 9.999993971518e-01 6.024839004093e-07 3.642383731906e-10 2.511402214268e+00
214039.522059 7.859545606247e-05 1.606946648326e+04 9.999993626382e-01 6.367849610269e-07 5.767862821991e-10 2.085264123966e+00
214154.411765 9.571318775056e-05 1.648057323594e+04 9.999992901690e-01 7.090430084117e-07 7.879779383600e-10 2.057687005572e+00
214269.301471 9.956149163123e-05 1.659051792759e+04 9.999992645153e-01 7.346323977186e-07 8.522422631840e-10 2.499670528370e+00
214384.191176 1.001124805616e-04 1.611118193093e+04 9.999993400874e-01 6.591461220874e-07 7.664359071236e-10 3.835870061549e+00
214499.080882 9.909292881001e-05 1.572427806814e+04 9.999993802720e-01 6.190165886586e-07 7.114053171860e-10 7.483221917477e+00
214613.970588 9.658109737459e-05 1.585152445936e+04 9.999993725117e-01 6.267842135933e-07 7.040171458853e-10 1.485700497089e+01
214728.860294 1.168408245389e-04 1.598625058875e+04 9.999993428403e-01 6.562643454493e-07 8.953541349431e-10 2.263762142000e+01
214843.750000 1.264222208847e-04 1.564199659264e+04 9.999993742888e-01 6.247895533361e-07 9.215658030441e-10 2.752858991813e+01
214958.639706 8.606091377169e-05 1.483440274519e+04 9.999994318525e-01 5.675810885399e-07 5.663563729266e-10 2.897859537974e+01
215073.529412 6.132596471437e-05 1.456696328272e+04 9.999994416984e-01 5.579053973271e-07 3.961492902348e-10 2.908256375800e+01
215188.419118 5.677196431097e-05 1.497673806536e+04 9.999994372420e-01 5.623873278536e-07 3.706845047759e-10 2.783726215283e+01
215303.308824 6.698110946351e-05 1.520985512972e+04 9.999994296918e-01 5.698630725775e-07 4.451503840601e-10 2.984188723739e+01
215418.198529 7.294970765549e-05 1.527505536746e+04 9.999994265137e-01 5.729975991725e-07 4.886674316911e-10 4.288699059863e+01
215533.088235 7.452074858063e-05 1.527653004291e+04 9.999994269252e-01 5.725751894516e-07 4.995656613408e-10 4.681354896535e+01
215647.977941 6.454778002852e-05 1.505845058695e+04 9.999994375706e-01 5.620053825990e-07 4.240004020901e-10 2.302232284707e+01
215762.867647 5.151251976330e-05 1.480806628869e+04 9.999994461782e-01 5.534888185173e-07 3.329147686865e-10 1.152909242485e+01
215877.757353 4.326725686353e-05 1.471044463692e+04 9.999994497305e-01 5.499917752610e-07 2.776772683953e-10 8.891168826455e+00
215992.647059 3.737735700121e-05 1.443551386027e+04 9.999994536309e-01 5.461317009681e-07 2.373624312853e-10 9.312224945103e+00
216107.536765 3.729885737079e-05 1.386791542124e+04 9.999994569021e-01 5.428627432456e-07 2.351334202473e-10 1.193425820252e+01
216222.426471 4.672264308834e-05 1.368990742758e+04 9.999994578470e-01 5.418581098064e-07 2.949236355336e-10 1.350327462359e+01
216337.316176 7.405142490931e-05 1.367742022893e+04 9.999994578850e-01 5.416457972708e-07 4.691633403759e-10 1.538700627695e+01
216452.205882 1.010663279355e-04 1.334345553974e+04 9.999994595990e-01 5.397623916856e-07 6.386223734906e-10 1.229821093392e+01
216567.095588 8.567370349469e-05 1.265973766935e+04 9.999994622544e-01 5.372085753547e-07 5.370301775927e-10 7.910368237985e+00
216681.985294 6.996744374362e-05 1.217356123698e+04 9.999994635949e-01 5.359685423467e-07 4.365370848620e-10 5.207017629735e+00
216796.875000 7.915508264825e-05 1.184709050552e+04 9.999994646592e-01 5.348485327011e-07 4.922546720944e-10 3.750813749049e+00
216911.764706 7.287233164334e-05 1.144043602673e+04 9.999994656850e-01 5.338636697957e-07 4.513437964040e-10 3.109558353522e+00
217026.654412 5.496754425212e-05 1.115156880704e+04 9.999994665812e-01 5.330797252799e-07 3.390222997246e-10 3.560152703330e+00
217141.544118 4.687889990306e-05 1.109687944679e+04 9.999994674008e-01 5.323110705064e-07 2.880841549342e-10 6.571930101599e+00
217256.433824 5.111955749311e-05 1.119550334266e+04 9.999994682212e-01 5.314646925381e-07 3.140929226692e-10 1.600969895697e+01
217371.323529 5.693068106383e-05 1.127816424129e+04 9.999994690692e-01 5.305812339409e-07 3.495497087529e-10 2.829889132371e+01
217486.213235 5.677361864149e-05 1.117893584056e+04 9.999994699296e-01 5.297224029626e-07 3.479389118816e-10 2.145455490045e+01
217601.102941 5.583088406366e-05 1.102980416178e+04 9.999994707824e-01 5.288766332910e-07 3.409686658188e-10 1.410857853975e+01
217715.992647 6.038556995375e-05 1.104504857405e+04 9.999994716442e-01 5.279873990188e-07 3.684301479664e-10 1.508913802309e+01
217830.882353 6.627520960888e-05 1.147492472457e+04 9.999994725164e-01 5.270793243341e-07 4.042522739687e-10 1.249026440289e+01
217945.772059 6.713913034382e-05 1.193010252753e+04 9.999994733692e-01 5.262214268508e-07 4.093993087589e-10 7.510763308930e+00
218060.661765 6.666758705289e-05 1.210939075724e+04 9.999994742435e-01 5.253510011755e-07 4.055132550002e-10 4.677424743382e+00
218175.551471 7.020088510973e-05 1.222502780084e+04 9.999994751295e-01 5.244445478418e-07 4.258895780258e-10 4.203234472795e+00
218290.441176 7.954582642888e-05 1.272606525956e+04 9.999994757512e-01 5.237658879541e-07 4.829094499210e-10 6.063050074238e+00
218405.330882 9.799936915235e-05 1.295535337534e+04 9.999994763581e-01 5.230477393584e-07 5.940967917230e-10 8.245422193014e+00
218520.220588 1.217143440885e-04 1.315739599560e+04 9.999994767815e-01 5.224813548594e-07 7.370570117682e-10 8.606994106026e+00
218635.110294 1.223418526895e-04 1.347840037218e+04 9.999994767050e-01 5.225542569377e-07 7.407382687898e-10 8.062456880836e+00
218750.000000 1.075778385488e-04 1.360616862770e+04 9.999994776298e-01 5.217208311465e-07 6.493779691619e-10 7.784819101267e+00
218864.889706 1.132317165412e-04 1.341404261757e+04 9.999994796124e-01 5.197070148680e-07 6.805068118182e-10 7.361786279236e+00
218979.779412 1.290941838462e-04 1.231137775910e+04 9.999994830429e-01 5.161884065315e-07 7.686646475197e-10 7.903420658514e+00
219094.669118 8.951798839629e-05 1.214948962612e+04 9.999994843047e-01 5.151622855205e-07 5.329728297166e-10 9.450845484473e+00
219209.558824 6.368298008033e-05 1.183897656531e+04 9.999994853330e-01 5.142887306589e-07 3.782428680471e-10 1.121586985174e+01
219324.448529 7.051557350601e-05 1.195396044112e+04 9.999994862027e-01 5.133780454246e-07 4.192737008907e-10 1.365053671290e+01
219439.338235 9.800165756182e-05 1.270022076468e+04 9.999994867043e-01 5.127108002122e-07 5.848754611112e-10 1.766433929332e+01
219554.227941 1.434708856133e-04 1.321261091819e+04 9.999994862713e-01 5.128704545729e-07 8.582033358581e-10 2.608144598612e+01
219669.117647 2.050395096704e-04 1.387877445618e+04 9.999994801426e-01 5.186150119826e-07 1.242352748127e-09 4.000369099238e+01
219784.007353 2.799589747070e-04 1.494061802133e+04 9.999994265901e-01 5.715296090781e-07 1.880157838356e-09 4.301031175976e+01
219898.897059 4.155170690537e-04 1.561406759130e+04 9.999992578615e-01 7.384906441193e-07 3.647672312876e-09 3.308385078867e+01
220013.786765 2.640303290775e-04 1.412957281312e+04 9.999994782087e-01 5.201699693788e-07 1.621258119613e-09 3.147221455727e+01
220128.676471 1.163852106624e-04 1.376508246764e+04 9.999994941570e-01 5.051469119319e-07 6.960836978254e-10 3.671497188384e+01
220243.566176 8.434676259214e-05 1.487813282942e+04 9.999994815173e-01 5.179584727172e-07 5.241654207601e-10 2.641544121015e+01
220358.455882 8.121009337794e-05 1.594772180451e+04 9.999994289664e-01 5.704658706536e-07 5.677308616917e-10 1.303221839931e+01
220473.345588 1.588979773535e-04 1.610087609719e+04 9.999993297413e-01 6.689265769706e-07 1.332097616939e-09 8.665574180846e+00
220588.235294 1.946446759492e-04 1.607780979727e+04 9.999992962032e-01 7.020653492960e-07 1.731310734535e-09 1.229595225861e+01
220703.125000 2.398239647577e-04 1.505439091491e+04 9.999994356186e-01 5.626747449932e-07 1.706605642670e-09 2.685283486279e+01
220818.014706 3.183045353386e-04 1.433300689805e+04 9.999994749343e-01 5.229769743858e-07 2.088608140351e-09 5.924099660597e+01
220932.904412 3.626063717032e-04 1.307875490558e+04 9.999995062126e-01 4.915751087359e-07 2.212142002700e-09 1.155923362168e+02
221047.794118 2.356453627482e-04 1.137126542987e+04 9.999995130478e-01 4.855472010515e-07 1.404903832530e-09 2.315723352370e+02
221162.683824 1.302269456405e-04 1.076634606664e+04 9.999995143933e-01 4.848357155382e-07 7.709492432248e-10 6.486047190033e+02
221277.573529 5.340758331552e-05 1.039204002797e+04 9.999995152326e-01 4.844541230738e-07 3.133048772954e-10 1.872940035837e+02
221392.463235 3.958384946835e-05 1.023522198512e+04 9.999995159316e-01 4.838371789121e-07 2.311998572014e-10 2.853591203028e+01
221507.352941 5.222881427624e-05 9.938397134121e+03 9.999995166613e-01 4.830343466571e-07 3.043099333435e-10 5.794577296487e+01
221622.242647 5.301411412249e-05 9.880815890833e+03 9.999995173994e-01 4.822924063828e-07 3.082231200446e-10 1.582440296313e+02
221737.132353 7.626347741583e-05 1.044334237376e+04 9.999995182265e-01 4.813287564390e-07 4.446749125139e-10 2.899245236180e+02
221852.022059 9.370139006053e-05 1.105245250157e+04 9.999995191404e-01 4.803119072029e-07 5.476384946414e-10 4.327196649176e+02
221966.911765 9.228822771089e-05 1.140960555922e+04 9.999995200673e-01 4.793931003427e-07 5.395822741801e-10 2.357211076257e+02
222081.801471 1.071343321711e-04 1.188179016474e+04 9.999995209875e-01 4.783854806166e-07 6.269742887210e-10 1.002992566514e+02
222196.691176 1.613343871226e-04 1.249609181497e+04 9.999995216547e-01 4.773991480958e-07 9.460935512889e-10 4.068292989586e+01
222311.580882 2.068165337883e-04 1.270206064012e+04 9.999995225164e-01 4.762717102422e-07 1.211806659023e-09 8.020033737184e+00
222426.470588 1.581156452214e-04 1.340670495970e+04 9.999995215362e-01 4.775318621473e-07 9.318965452224e-10 3.596340361094e+00
222541.360294 1.142069888437e-04 1.418859394060e+04 9.999995169313e-01 4.823860854958e-07 6.825664365369e-10 2.806385999066e+00
222656.250000 1.000679630045e-04 1.412888982870e+04 9.999995199353e-01 4.794707265675e-07 5.939246043882e-10 4.686892385835e+00
222771.139706 1.024240169260e-04 1.329442860874e+04 9.999995266293e-01 4.727731081073e-07 5.975288759834e-10 5.520915592096e+00
222886.029412 1.375361780455e-04 1.338660131117e+04 9.999995266501e-01 4.725465753186e-07 8.032531444648e-10 1.572188957273e+01
223000.919118 2.121617987644e-04 1.461955122317e+04 9.999994977141e-01 5.009630454559e-07 1.322790015257e-09 2.095790698144e+01
223115.808824 6.524361189400e-04 1.642284715835e+04 9.999984914071e-01 1.496143120447e-06 1.244909123527e-08 1.811900747177e+01
223230.698529 5.790602166774e-04 1.507756331372e+04 9.999993648987e-01 6.305314303490e-07 4.569585467473e-09 2.030106412011e+01
223345.588235 3.004553788913e-04 1.228440914191e+04 9.999995408817e-01 4.574264396841e-07 1.691725939559e-09 4.357205372773e+01
223460.477941 2.635369124382e-04 1.188927590217e+04 9.999995432537e-01 4.552652072579e-07 1.481006313948e-09 8.184603065889e+01
223575.367647 2.630083683393e-04 1.268580378751e+04 9.999995436067e-01 4.548817995511e-07 1.511392018806e-09 1.006673541938e+02
223690.257353 2.500989236458e-04 1.461208029253e+04 9.999995041968e-01 4.941172590535e-07 1.685850574952e-09 6.005208583375e+01
223805.147059 3.756484646564e-04 1.755644230683e+04 9.999974462672e-01 2.540915983684e-06 1.281611603618e-08 3.659346468758e+01
223920.036765 4.598079231419e-04 1.939471497429e+04 9.999858905450e-01 1.402312629110e-05 8.632434127307e-08 2.965861161878e+01
224034.926471 6.172139806870e-04 2.002326336510e+04 9.999690303544e-01 3.071581750274e-05 2.538150668303e-07 3.491833260010e+01
224149.816176 2.930822897946e-04 1.889705367590e+04 9.999939276150e-01 6.048897644436e-06 2.348614948819e-08 8.403676722981e+01
224264.705882 1.990806785876e-04 1.924090801124e+04 9.999944316981e-01 5.553640715800e-06 1.466045117821e-08 3.076268091283e+02
224379.595588 1.863027043957e-04 1.857867077723e+04 9.999968562002e-01 3.136042511159e-06 7.756911746157e-09 1.363446590046e+03
224494.485294 1.750204628528e-04 1.738399858932e+04 9.999987458569e-01 1.251218161920e-06 2.924835120882e-09 1.081802252486e+03
224609.375000 2.656821570972e-04 1.657131184068e+04 9.999990489056e-01 9.477684267664e-07 3.325800197931e-09 3.401140999296e+02
224724.264706 2.521788458227e-04 1.468139285425e+04 9.999995245767e-01 4.738798091344e-07 1.543379714780e-09 2.227846025587e+02
224839.154412 1.846902778994e-04 1.385331125979e+04 9.999995618983e-01 4.370661326564e-07 1.035495898284e-09 2.223772483578e+02
224954.044118 1.243548638983e-04 1.419178712543e+04 9.999995617676e-01 4.375343738804e-07 6.980313596019e-10 3.281821648472e+02
225068.933824 1.260036675759e-04 1.566536327370e+04 9.999994902438e-01 5.089265673061e-07 8.295812884240e-10 6.862283113164e+02
225183.823529 1.507398833541e-04 1.755589203261e+04 9.999987447155e-01 1.252791300921e-06 2.493029182322e-09 1.014274513830e+03
225298.713235 1.913130421346e-04 1.921763435427e+04 9.999947078130e-01 5.278701715252e-06 1.348463632560e-08 1.241476620393e+03
225413.602941 2.004530381144e-04 1.779761682791e+04 9.999981826320e-01 1.812581740980e-06 4.786024411215e-09 3.303955460703e+02
225528.492647 3.048021156001e-04 1.519563764392e+04 9.999994708240e-01 5.271212784983e-07 2.054590553556e-09 1.442236453045e+02
225643.382353 2.908940986609e-04 1.399017854795e+04 9.999995637749e-01 4.346291818781e-07 1.595856602610e-09 1.448346669774e+02
225758.272059 3.722825366984e-04 1.390274703517e+04 9.999995638714e-01 4.340987725511e-07 2.029683122988e-09 2.470840051070e+02
225873.161765 4.164311085493e-04 1.494100382648e+04 9.999994818592e-01 5.154326276440e-07 2.707980224621e-09 2.729788399707e+02
225988.051471 7.101166042513e-04 1.702713427449e+04 9.999973587699e-01 2.617192441951e-06 2.403640081111e-08 1.382801913049e+02
226102.941176 8.372396668783e-04 1.756316635799e+04 9.999949441369e-01 5.000879798462e-06 5.498039231711e-08 5.946525047565e+01
226217.830882 8.841135200081e-04 1.852693432101e+04 9.999865720840e-01 1.326502014432e-05 1.628873016216e-07 5.735094406385e+01
226332.720588 1.688521812331e-03 2.024195769640e+04 9.998678409076e-01 1.285769728237e-04 3.581925989952e-06 8.940958635625e+01
226447.610294 8.553682030904e-04 1.695610460755e+04 9.999968764394e-01 3.086128135145e-06 3.743046548902e-08 1.372697490725e+02
226562.500000 2.049668432109e-04 9.862778801575e+03 9.999996218027e-01 3.771967076687e-07 1.000492333579e-09 1.500704508084e+02
226677.389706 9.002419769173e-05 9.249818670395e+03 9.999996225637e-01 3.770035151582e-07 4.327861291755e-10 2.821372081684e+02
226792.279412 9.041731311458e-05 1.002814336551e+04 9.999996232586e-01 3.763069316739e-07 4.344743001464e-10 2.680557666127e+02
226907.169118 9.426703265380e-05 1.035577496894e+04 9.999996239752e-01 3.755720165522e-07 4.527446418685e-10 2.435428274983e+02
227022.058824 1.182276725084e-04 1.051400103957e+04 9.999996247698e-01 3.746633830287e-07 5.667832786617e-10 3.846371938683e+02
227136.948529 1.713359886363e-04 1.096369922846e+04 9.999996257308e-01 3.734486311832e-07 8.205610448605e-10 5.327561686981e+02
227251.838235 1.978903365835e-04 1.098912307022e+04 9.999996268296e-01 3.722259221280e-07 9.444528232871e-10 1.641734829275e+03
227366.727941 1.606491039757e-04 1.008486844165e+04 9.999996278493e-01 3.713892842943e-07 7.613510172435e-10 2.325324707763e+03
227481.617647 1.197172345510e-04 8.961379302377e+03 9.999996286547e-01 3.707822700665e-07 5.630159797213e-10 2.756317933936e+03
227596.507353 9.159261461093e-05 8.243023862436e+03 9.999996293284e-01 3.702435156088e-07 4.280720491176e-10 9.978096021365e+03
227711.397059 7.242494784969e-05 8.230589319464e+03 9.999996299284e-01 3.697341349481e-07 3.374734107149e-10 8.119019016281e+03
227826.286765 7.030504460844e-05 9.119329589837e+03 9.999996305231e-01 3.691481037323e-07 3.287768981608e-10 5.111416218963e+02
227941.176471 7.556998476816e-05 1.078176769729e+04 9.999996311466e-01 3.684977260615e-07 3.556968939410e-10 2.175942635420e+01
228056.066176 1.113951049336e-04 1.246434697233e+04 9.999996314243e-01 3.680473559500e-07 5.283001992846e-10 2.589810702024e+01
228170.955882 1.494208537318e-04 1.359946366150e+04 9.999996276962e-01 3.715843332023e-07 7.194599614253e-10 3.814923409233e+01
228285.845588 1.660770937949e-04 1.444330543590e+04 9.999996125888e-01 3.865753982456e-07 8.357554304868e-10 6.953782105835e+01
228400.735294 2.348229398138e-04 1.418554056118e+04 9.999996146860e-01 3.841409773170e-07 1.172912445823e-09 9.106633206421e+01
228515.625000 2.451124768414e-04 1.273528607964e+04 9.999996348297e-01 3.640191371492e-07 1.151121951670e-09 6.750450382184e+01
228630.514706 2.035472629180e-04 1.149686697186e+04 9.999996377823e-01 3.612742253676e-07 9.434366287756e-10 3.424950860337e+01
228745.404412 1.731399068238e-04 1.016820679710e+04 9.999996389053e-01 3.602992588583e-07 7.954271040934e-10 1.732511554975e+01
228860.294118 1.308722436326e-04 8.978516761007e+03 9.999996397224e-01 3.596808185021e-07 5.967843904741e-10 1.073482482597e+01
228975.183824 1.109176716809e-04 8.372494849896e+03 9.999996404298e-01 3.590667913850e-07 5.033927336672e-10 8.938532460267e+00
229090.073529 1.036900186088e-04 8.011351217444e+03 9.999996410955e-01 3.584354597062e-07 4.689864950306e-10 1.290281166183e+01
229204.963235 9.866221070068e-05 7.706821592625e+03 9.999996417362e-01 3.578187641569e-07 4.450582055733e-10 1.657236336507e+01
229319.852941 9.324152449974e-05 7.298402769174e+03 9.999996423517e-01 3.572289584174e-07 4.192901046636e-10 2.999745403703e+01
229434.742647 7.210980127532e-05 6.840987418246e+03 9.999996429033e-01 3.567739073571e-07 3.227484765170e-10 4.259994490786e+01
229549.632353 5.066476929208e-05 6.659721055134e+03 9.999996433924e-01 3.563814938542e-07 2.260644612109e-10 6.048790056327e+01
229664.522059 4.296681369859e-05 6.786010125875e+03 9.999996438585e-01 3.559499049917e-07 1.915572698338e-10 9.780260087130e+01
229779.411765 4.288875657090e-05 7.027532484910e+03 9.999996443249e-01 3.554833756925e-07 1.917144022438e-10 1.709560811203e+02
229894.301471 4.406736542711e-05 7.379390222689e+03 9.999996447967e-01 3.550060174454e-07 1.972325700427e-10 1.755380904816e+02
230009.191176 4.485361581150e-05 7.837114246155e+03 9.999996452749e-01 3.545235153300e-07 2.016078258677e-10 1.221021635905e+02
230124.080882 4.587518899998e-05 8.283453313356e+03 9.999996457601e-01 3.540333449280e-07 2.065039661552e-10 8.258486696420e+01
230238.970588 4.768259375056e-05 8.638031901110e+03 9.999996462545e-01 3.535301448200e-07 2.153598008204e-10 4.572120161741e+01
230353.860294 5.168939157347e-05 8.970805747944e+03 9.999996467635e-01 3.530026554154e-07 2.338259312420e-10 3.328001971305e+01
230468.750000 5.373306614622e-05 9.805584293458e+03 9.999996472868e-01 3.524685309645e-07 2.446300566501e-10 2.910739328898e+01
230583.639706 6.646151652140e-05 1.133432278034e+04 9.999996478362e-01 3.518586036245e-07 3.051951092941e-10 2.400393406671e+01
230698.529412 1.200447331011e-04 1.241453180424e+04 9.999996481258e-01 3.513182674478e-07 5.558970782106e-10 1.717597611018e+01
230813.419118 1.577577847564e-04 1.199577203156e+04 9.999996492785e-01 3.499927995629e-07 7.286718257329e-10 8.898495056590e+00
230928.308824 1.048023565662e-04 1.089452643264e+04 9.999996503263e-01 3.491921026704e-07 4.815316459830e-10 3.926011538388e+00
231043.198529 7.738314518203e-05 1.047769280887e+04 9.999996509749e-01 3.486703337388e-07 3.547767742241e-10 1.743263130236e+00
231158.088235 8.555467627561e-05 1.046735046399e+04 9.999996516138e-01 3.479931102263e-07 3.930316715708e-10 1.916892597251e+00
231272.977941 9.561196223374e-05 1.035594749536e+04 9.999996522862e-01 3.472737864126e-07 4.400236595315e-10 3.560715736209e+00
231387.867647 8.327753890930e-05 9.984484592918e+03 9.999996529256e-01 3.466909288583e-07 3.834758312982e-10 5.102332266747e+00
231502.757353 7.542148418494e-05 9.797433314296e+03 9.999996535278e-01 3.461244380877e-07 3.477763599874e-10 5.094247076542e+00
231617.647059 8.155068316594e-05 9.847182731040e+03 9.999996541414e-01 3.454812844198e-07 3.772774009852e-10 3.825641077302e+00
231732.536765 9.019425194806e-05 1.001299450163e+04 9.999996547839e-01 3.447975466516e-07 4.185615980381e-10 2.906594071643e+00
231847.426471 8.862386358041e-05 1.014534167527e+04 9.999996554300e-01 3.441575856967e-07 4.124199293721e-10 3.190494812433e+00
231962.316176 8.147452232308e-05 1.007883789769e+04 9.999996560557e-01 3.435647405674e-07 3.795356445955e-10 5.375537614342e+00
232077.205882 6.379641276020e-05 9.837245028512e+03 9.999996566240e-01 3.430791585160e-07 2.968577191702e-10 8.067256186059e+00
232192.095588 4.823982770896e-05 9.854524966630e+03 9.999996571342e-01 3.426417270958e-07 2.241051041621e-10 1.398657477888e+01
232306.985294 4.046183429343e-05 1.035674509198e+04 9.999996576143e-01 3.421976060302e-07 1.880445909959e-10 4.226709663432e+01
232421.875000 3.669071944589e-05 1.084774069733e+04 9.999996580811e-01 3.417483626497e-07 1.704810464907e-10 6.664840101598e+01
232536.764706 3.999077517917e-05 1.177132411531e+04 9.999996585227e-01 3.412914703059e-07 1.857942513274e-10 3.751328450189e+01
232651.654412 5.374101818431e-05 1.314046807771e+04 9.999996582028e-01 3.415461407605e-07 2.510299632401e-10 1.961783838146e+01
232766.544118 9.373474594183e-05 1.531539394695e+04 9.999996172924e-01 3.822123805665e-07 4.952218420706e-10 1.926076867287e+01
232881.433824 2.705375489890e-04 1.894072330687e+04 9.999937950973e-01 6.180824916888e-06 2.407656859675e-08 2.235687106655e+01
232996.323529 9.131167724526e-04 1.941316073576e+04 9.999687336949e-01 3.085004150029e-05 4.162416063246e-07 1.811962710876e+01
233111.213235 7.792981078289e-04 1.825085810885e+04 9.999895825105e-01 1.029124119147e-05 1.262416732090e-07 1.376439217446e+01
233226.102941 3.679018410852e-04 1.359208492376e+04 9.999996585564e-01 3.395724662452e-07 1.871058536198e-09 1.333292880042e+01
233340.992647 4.074867239991e-04 1.343936963276e+04 9.999996631165e-01 3.349231433672e-07 1.960227051618e-09 1.498939898848e+01
233455.882353 2.682639188181e-04 1.157952580943e+04 9.999996764897e-01 3.223117057137e-07 1.198480249549e-09 1.740709463316e+01
233570.772059 1.312860327755e-04 1.044016388141e+04 9.999996775446e-01 3.218875700754e-07 5.678212948862e-10 1.689456369517e+01
233685.661765 1.321414709375e-04 1.079324920773e+04 9.999996782736e-01 3.211707484821e-07 5.556290077666e-10 1.350694782254e+01
233800.551471 1.011004158427e-04 1.109571472965e+04 9.999996789176e-01 3.206691658095e-07 4.131938985172e-10 8.607927655318e+00
233915.441176 1.186908164720e-04 1.185416128633e+04 9.999996794736e-01 3.200501582257e-07 4.762474713439e-10 6.009625242666e+00
234030.330882 1.273339138673e-04 1.277342330130e+04 9.999996793384e-01 3.201474150717e-07 5.141283885491e-10 5.102710827030e+00
234145.220588 1.161154681885e-04 1.425814853574e+04 9.999996695933e-01 3.299015547317e-07 5.050997080555e-10 3.941038030974e+00
234260.110294 9.680637223478e-05 1.656505867288e+04 9.999994744274e-01 5.248326779354e-07 7.398753343099e-10 3.663471716383e+00
234375.000000 1.158983647049e-04 1.987707660560e+04 9.999933218769e-01 6.665107790772e-06 1.301468433567e-08 3.877920527248e+00
234489.889706 3.177874265027e-04 2.199600916015e+04 9.999062828993e-01 9.313607781711e-05 5.809939737407e-07 1.133239681439e+01
234604.779412 6.632157089399e-04 2.271330438700e+04 9.996296763316e-01 3.647556552151e-04 5.567728534095e-06 4.318258341142e+01
234719.669118 1.940359709231e-04 2.184632424326e+04 9.999325601081e-01 6.710688517522e-05 3.329902389242e-07 2.673604815881e+02
234834.558824 1.344599385245e-04 2.125191169223e+04 9.999649501401e-01 3.491550797643e-05 1.343452464433e-07 1.887689805369e+03
234949.448529 9.376657073949e-05 2.106559071988e+04 9.999760460164e-01 2.388262723293e-05 7.135287841815e-08 4.275448088223e+03
235064.338235 1.215357276506e-04 2.294117154660e+04 9.998885718728e-01 1.109699057274e-04 4.581994773843e-07 1.520916903028e+03
235179.227941 2.397492523054e-04 2.279362328257e+04 9.998281234420e-01 1.706930512197e-04 1.183448538934e-06 1.999281945760e+02
235294.117647 1.518719690632e-02 1.493754629797e+04 9.999953940613e-01 4.075181957748e-06 5.307240784866e-07 5.465384958544e+01
